Total Teams,,Different Cars,,,,Total Drivers,,Total P,,Total GT,,,,,,,,,,,Total Teams,,Different Cars,,,,Total Drivers,,Total P,,Total GT,,,,,,,,,
76 / 120,,12 / 13,,,,335,,35 / 50,,41 / 70,,,,,,,,,,,76 / 80,,12 / 13,,,,335,,35 / 50,,41 / 30,,,,,,,,,
,,,,,,Driver 1,,Driver 2,,Driver 3,,Driver 4,,Driver 5,,Driver 6,,,,,,,,,,,Driver 1,,Driver 2,,Driver 3,,Driver 4,,Driver 5,,Driver 6,,,
Team Name,Car Id,Car Choice,,Class,Car #,ORM ID,Gamertag,ORM ID,Gamertag,ORM ID,Gamertag,ORM ID,Gamertag,ORM ID,Gamertag,ORM ID,Gamertag,Distance,Notes,,Team Name,Car Id,Car Choice,Manufacturer,Class,Car #,ORM ID,Gamertag,ORM ID,Gamertag,ORM ID,Gamertag,ORM ID,Gamertag,ORM ID,Gamertag,ORM ID,Gamertag,Distance,Notes
Sovereign Racing,676f5b66227a46d3c42e828e,1983 Porsche #11 956,,P,4,65e9158f561819fd3bafae6e,Toaster Lord YT,64a9db88286087000286b479,QuadRings,64a9d787286087000286b477,SkylineLofe,64a9dbaa286087000286b47b,ye3zs,66771f8e34cc3cf8b3eec958,KanyeEast3284,,,,,,Big Schnoz: One Last Dance,676f5b8a227a46d3c42e829a,1976 Chevrolet #76 Greenwood Corvette,,GT,156,61f71d9b3720cd0004dc4dfb,Cytherena,5e66f8d28091d00004a5c607,TNR LarryB,671ef51034c8d2cc2343a196,KingOfTwlght,,,,,,,,
Friends 1ˢᵗ Team Porsche,676f5b66227a46d3c42e828e,1983 Porsche #11 956,,P,8,5f9dca1d9cf84d0004618461,F1R Eclipse,603ac62323af280004736f12,RZM Shaun,67788014bb87fcaa9a3bc752,F1R Parallele,5e960f423c493200042c6718,F1R Tronic,,,,,,,,SFM Competizione,676f5b34227a46d3c42e8277,1983 Jaguar #44 XJR-5,,P,24,65259b4a0e62af000218f768,FreeL4ncer9801,5e6989069272140004874b73,JustUnkuuu,5d7c29dec823b20004570d59,SFM Darkzer,,,,,,,,
Friends 1ˢᵗ Team Porsche II,676f5b66227a46d3c42e828e,1983 Porsche #11 956,,P,9,5ee37052bdf8ff000410d80b,F1R Redline,6778141ca11b3b8579958633,F1R Badu,66a009483b057af5ecfaf2ef,F1R Spencer,66d4ea1486a1f5663ca81423,F1R Legrekt,,,,,,,,LMP eSports Team Modulo,676f5bad227a46d3c42e82b2,1981 Ford #2 Capri Turbo,,GT,824,5e9b29c7a89ad50004911316,LMP Billbo,5e1b90816c654b000401053c,LMP Amoeba,607af7070bd1410004db7998,LMP Juicebox,640c94719aa6710002d2c181,LMP Oliver,,,,,,
UDP Racing - Blue,676f5b66227a46d3c42e828e,1983 Porsche #11 956,,P,11,61da37a623af8600045c0cf1,Femracer,64b6aa134f17270002a8c936,UDPMariaTDR,6360d9352ea21f0004cf6a56,UDPhyper,624ee92947b57000045a2134,UDP Haymaker,,,,,,,,LMP eSports Team Carson,676f5b8a227a46d3c42e829a,1976 Chevrolet #76 Greenwood Corvette,,GT,828,66edd9f0117542d7af020281,LMP Veloce,61d734b789368e0004e02d3a,LMP Flo,65441cfc59bcc5647bf77b5d,LMP RCKCHLK,5e7a1189f6c9010004a22b36,RBHM RoadRAT,671506a43a0e25f9f4988b4e,LMP EKleKtiK,,,,
Raven Racing,676f5b34227a46d3c42e8277,1983 Jaguar #44 XJR-5,,P,13,66353b0457b2382f598e2529,RVN Twich,64a9a57c286087000286b45b,Nizrrama,65f37b1ad77c07c709a903e9,I waxi I,671cf57b269ffa25c7eba26a,Will Darrell742,671cf5cc269ffa25c7eba732,RVN AmityQwQ,,,,,,SFM Jag-war,676f5b34227a46d3c42e8277,1983 Jaguar #44 XJR-5,,P,97,6208094ea556390004e1e953,Kris33PAFC,5eb17b48134ff10004632b65,LR BLAZER GUNZ,5e6788647e59550004eee178,moogsy23,5e6e312bbe89d000042e0f72,SFMichaels,66fb1a839ba9114e2576ed04,Xenocity9793,,,,
RZX Shadow,676f5b34227a46d3c42e8277,1983 Jaguar #44 XJR-5,,P,19,6674e4f71c87914c8f207818,RZX zDwarf,62675cc95295480004ceaeea,RZX JjRedz,66a2ad0f7aa4a9c12d8543bf,RZX Jamesyy,,,,,,,,,,VER All But,676f5b34227a46d3c42e8277,1983 Jaguar #44 XJR-5,,P,22,5f2899ffb511010004541b03,BDF48GAMING,5f289a71b511010004541b08,Real Spill G0at,66e7050e9c2527b8d161784b,ESL Decoy,5edeb38472cf000004743171,ferraribss237,5e93bd1e3172de000422a746,JoeI FM,,,,
VER Kryptonite,676f5b34227a46d3c42e8277,1983 Jaguar #44 XJR-5,,P,20,5edecd0a0e67d1000442a501,ROCKMORROW,5e6fc2f688bd6f0004d830e4,Squatchmongr,66e498c71e9fa2d8d8dec229,GrandWolf1221,5e28dad8ec662e000434a732,LMP Krispy,6709cb59b0c99a628bc7df7b,CamWorthy,,,,,,Raven Racing,676f5b34227a46d3c42e8277,1983 Jaguar #44 XJR-5,,P,13,66353b0457b2382f598e2529,RVN Twich,64a9a57c286087000286b45b,Nizrrama,65f37b1ad77c07c709a903e9,I waxi I,671cf57b269ffa25c7eba26a,Will Darrell742,671cf5cc269ffa25c7eba732,RVN AmityQwQ,,,,
VER Very Legal,676f5b34227a46d3c42e8277,1983 Jaguar #44 XJR-5,,P,21,5f289e7ab511010004541b13,STEEL 5688,67786063bb87fcaa9a3bc278,SBR Reverb,602d4d0802e76a0004d1b873,TTJ111,60abd4485474250004d493fb,Tact1calFall0ut,,,,,,,,TNR eSports - Team Aces,676f5bc4227a46d3c42e82c7,1983 Nissan #23 Silvia Super Silhouette,,GT,7,60222194abf388000468be93,TNR Horizon,610653f4f40f9f0004f50866,GPR Bryker,60185671ece9fc000476affd,TNR Hillbily,668c04eb1daba437887db9f5,TNRVerCallum,66ef9d59bb372c29e8428ce6,TNR zacxx,,,,
VER All But,676f5b34227a46d3c42e8277,1983 Jaguar #44 XJR-5,,P,22,5f2899ffb511010004541b03,BDF48GAMING,5f289a71b511010004541b08,Real Spill G0at,66e7050e9c2527b8d161784b,ESL Decoy,5edeb38472cf000004743171,ferraribss237,5e93bd1e3172de000422a746,JoeI FM,,,,,,TNR eSports - Team Diamonds,676f5b34227a46d3c42e8277,1983 Jaguar #44 XJR-5,,P,27,5e72baec8dc0060004b520b3,TNR LuckyVII,656b89d68b4b09001b8bf2df,TNR Canuck,603ab47223af280004736ed3,TNR Remix,61c932828234150004aa6df2,TNR Blade,668ba3d6671f9849cc42689e,TNR Skiddy,,,,
Local Line,676f5b66227a46d3c42e828e,1983 Porsche #11 956,,P,23,61846353a508530004647437,RacinBacon96,5fc9c2cdd7b4f500046adfb3,TheSakuraShark,601c9746338abe00047baa2f,SilentDrifter19,61074006e32cf600043430c5,Queenbibah24,615e277b6518f7000481faec,Blocktoberfest,,,,,,Friends 1ˢᵗ Team Nissan,676f5bc4227a46d3c42e82c7,1983 Nissan #23 Silvia Super Silhouette,,GT,10,5e96ed95df90a6000486cf83,F1R Takashi,66a507372c128134858f3414,F1R NeMy,671cf805269ffa25c7ebbab3,F1R Dezi9n,60a699bcd1b07e0004e092c2,F1R Obvious,,,,,,
SFM Competizione,676f5b34227a46d3c42e8277,1983 Jaguar #44 XJR-5,,P,24,65259b4a0e62af000218f768,FreeL4ncer9801,5e6989069272140004874b73,JustUnkuuu,5d7c29dec823b20004570d59,SFM Darkzer,,,,,,,,,,APEX Driving School - AM,676f5b9e227a46d3c42e82a6,1982 Ferrari #72 512 BB/LM,,GT,54,65e8ebae561819fd3bafab8b,APEX FIAT,5ea04be7e280210004be740f,APEX FORTUNE 19,6432f4b229e300000248dbd6,APEXDRAGON5,6766ff4df132a74e7bb5dbc8,CrisHokage20,,,,,,
TNR eSports - Team Diamonds,676f5b34227a46d3c42e8277,1983 Jaguar #44 XJR-5,,P,27,5e72baec8dc0060004b520b3,TNR LuckyVII,656b89d68b4b09001b8bf2df,TNR Canuck,603ab47223af280004736ed3,TNR Remix,61c932828234150004aa6df2,TNR Blade,668ba3d6671f9849cc42689e,TNR Skiddy,,,,,,LMP eSports Team Shindo,676f5b34227a46d3c42e8277,1983 Jaguar #44 XJR-5,,P,825,60cb86643a7aae00040c936f,LMP Smiley,609c30b860edbb00048c6e8c,LMP tvr,608474fa9cd3b900045974aa,LMP Goki,6570ed9bfaa2c32f92376868,LMP Cemblo,60c657fdfbdede000433cd43,LMP Erimus,,,,
DIR Proto,676f5b5b227a46d3c42e8288,1985 Nissan #83 GTP ZX-Turbo,,P,38,5ff7eac45ed3e40004e7952d,BoeingSon,6463ec821226e40002ed7502,C480,60399859c93efa0004abbbcd,SDR Dremora,64a963e0286087000286b2d1,ForzamanR8,,,,,,,,AMS Astro,676f5b34227a46d3c42e8277,1983 Jaguar #44 XJR-5,,P,683,5edfb6ebf4b7c600047010a7,AMS Andrew14,603ab55923af280004736ee1,AMS Kenpachi,62b143d4c8f37300046ef962,AMS Phantom,5ede9dbd72cf0000047430d4,AMS Kustom Dipz,603a58ad23af280004736e3e,AMS Virage,,,,
APEX Driving School - PRO,676f5b34227a46d3c42e8277,1983 Jaguar #44 XJR-5,,P,45,63fd9bb7a60b9500029ec427,APEX KIMI7,5e9612793c493200042c683c,APEX FUEGO,5ecfd325b0491f0004398367,APEX WYNOT,6778e464bb87fcaa9a3bcb3d,Uninanimate21,,,,,,,,Friends 1ˢᵗ Team Porsche II,676f5b66227a46d3c42e828e,1983 Porsche #11 956,,P,9,5ee37052bdf8ff000410d80b,F1R Redline,6778141ca11b3b8579958633,F1R Badu,66a009483b057af5ecfaf2ef,F1R Spencer,66d4ea1486a1f5663ca81423,F1R Legrekt,,,,,,
FTC Ilford-Porsche,676f5b66227a46d3c42e828e,1983 Porsche #11 956,,P,56,6016dd0a6a18f300045b890f,FTC Sakura,64b44f3d797eaf0002a56263,FTC Ashkan,6016dd2a6a18f300045b8911,Heikonyan,,,,,,,,,,Team Sakura Retrocrushes 1.5,676f5bc4227a46d3c42e82c7,1983 Nissan #23 Silvia Super Silhouette,,GT,25,5e1b83f36c654b0004010520,Ax4x Mikun,6025730004098d0004bbdc42,FreshCubanBread,6082076481e3fd0004a10451,Ax4x Histarium,602d594402e76a0004d1b87a,ll MrKhepri,,,,,,
Japspeed Racing Proto,676f5b66227a46d3c42e828e,1983 Porsche #11 956,,P,61,66a4e345824712c162ad9b82,JSR Ted,60a7d2934bb82600040be70f,JSR Europa,60bbe94cf9fb1400044fdbd7,JSR Vanquish,66a51dad7f1549f2423b2ae4,JSR RR97,,,,,,,,Phoenix Motorsport,676f5bad227a46d3c42e82b2,1981 Ford #2 Capri Turbo,,GT,33,62eefadd696edd00042c7931,HYRmelanie9,671c8891269ffa25c7eb860e,Jeeday5415,602198602a5d49000456bed9,PXM Turismo,,,,,,,,
Autoholic Virgin Racing,676f5b34227a46d3c42e8277,1983 Jaguar #44 XJR-5,,P,69,67762ac0582c7e6c1e7575e3,Hanser1560,6779ed76c1ed425e376a9ea4,ChungJohn457,6787e2b6722593a1687a18e8,CaiCaiProMax,67794e86bb87fcaa9a3bf1cc,AliceRT,67794e37bb87fcaa9a3bef7d,EisaBea,,,,,,OSM Racing White,676f5b7a227a46d3c42e8294,1975 BMW #25 3.0 CSL,,GT,333,6777f235a11b3b8579958490,OSM PercyHR,6778c6a0bb87fcaa9a3bca00,OSM Yuzi,672b72cb29e3c1bbb8c86f35,OSM Hardy,672b428829e3c1bbb8c86d81,OSM Brucee33,6778fe8bbb87fcaa9a3bcc2d,TachibanaRuis,,,,
DMS eSports Jaguar,676f5b34227a46d3c42e8277,1983 Jaguar #44 XJR-5,,P,94,63aa889a36224400047cd5df,DMSRebel1022,6679dbbf3f3cc9c43b9829e8,DMS Jarbs,639b8dacfab62b00045dc0b0,boiledbird88,6507353bbc34eb00023e9859,s4ska,,,,,,,,Japspeed Racing GT,676f5bc0227a46d3c42e82c1,1984 Nissan #20 Bluebird Super Silhouette,,GT,60,67794d1bbb87fcaa9a3be4bc,JSR Chronic,5e87f0e1159ab700043a7000,JSR Craviator,669d404a66b5c26ab70b9367,JSR Blackend,66a4f0a3099bbc9a120041f9,JSR Light,66d25f1d571fda118099abfd,HYR Panducat,,,,
SFM Jag-war,676f5b34227a46d3c42e8277,1983 Jaguar #44 XJR-5,,P,97,6208094ea556390004e1e953,Kris33PAFC,5eb17b48134ff10004632b65,LR BLAZER GUNZ,5e6788647e59550004eee178,moogsy23,5e6e312bbe89d000042e0f72,SFMichaels,66fb1a839ba9114e2576ed04,Xenocity9793,,,,,,RZX Shadow,676f5b34227a46d3c42e8277,1983 Jaguar #44 XJR-5,,P,19,6674e4f71c87914c8f207818,RZX zDwarf,62675cc95295480004ceaeea,RZX JjRedz,66a2ad0f7aa4a9c12d8543bf,RZX Jamesyy,,,,,,,,
Cheese Burger League Racing,676f5b66227a46d3c42e828e,1983 Porsche #11 956,,P,98,67794d2bbb87fcaa9a3be561,CBL BXKong,67794e8bbb87fcaa9a3bf1e5,CBL Muhammad,677950b5bb87fcaa9a3bfafb,CBL Feiniu,67794ec3bb87fcaa9a3bf2ff,CBL Muuf665,67794f1bbb87fcaa9a3bf53e,CBL KNN98,,,,,,Zephyrus Gold,676f5b34227a46d3c42e8277,1983 Jaguar #44 XJR-5,,P,719,6627fd39f7ae20520e5a55fb,ZR Ruso,66b0fd7e71bbd73e422a1f2e,ZR RuizRacer,66b0ff3071bbd73e422a202e,ZR Johan,6532d5735a6c6b0002715801,ZR Villa,61e0549589003c0004f8ebeb,ZR Eternitum,,,,
FTC Porche,676f5b66227a46d3c42e828e,1983 Porsche #11 956,,P,152,6578cfb47463229fb0a7a2a6,BotATron99,60ff3c15c136440004cffb0f,FTC Sadie,65107a0291f35c0002ebca4f,FTC Venom,,,,,,,,,,NWR Proto,676f5b34227a46d3c42e8277,1983 Jaguar #44 XJR-5,,P,157,6522bfb5e24dc80002de4c13,NWR Jesko,5e742508902aa50004de2d3f,NWR Birchy7,626a4420243fb40004237b93,NWR Origin,67799e6fc1ed425e376a96a1,NWR Shadow,,,,,,
NWR Proto,676f5b34227a46d3c42e8277,1983 Jaguar #44 XJR-5,,P,157,6522bfb5e24dc80002de4c13,NWR Jesko,5e742508902aa50004de2d3f,NWR Birchy7,626a4420243fb40004237b93,NWR Origin,67799e6fc1ed425e376a96a1,NWR Shadow,,,,,,,,ESV Motorsport,676f5b94227a46d3c42e82a0,1979 Datsun #33 280ZX Turbo,,GT,51,5ee0f963684197000451d324,ESV Barcode,5ede8eee72cf0000047430b4,ESV Kartz,65ea1dd874153708aa4cd16c,ESV Green,6039874cc93efa0004abbbc4,ESV Boberts,,,,,,
AMS LPG 212,676f5b34227a46d3c42e8277,1983 Jaguar #44 XJR-5,,P,212,5e1b88f96c654b0004010530,AMS MeaD 212,66e5df5fbb65f3fe87f41baf,AMS Rambo,5e9848f8f87c6200043449b5,AMS Murks,671d35dc269ffa25c7ebf48e,AMS B3ast,607b77d19f810f0004d13ab8,AMS Indoctro,,,,,,APEX Driving School - PRO,676f5b34227a46d3c42e8277,1983 Jaguar #44 XJR-5,,P,45,63fd9bb7a60b9500029ec427,APEX KIMI7,5e9612793c493200042c683c,APEX FUEGO,5ecfd325b0491f0004398367,APEX WYNOT,6778e464bb87fcaa9a3bcb3d,Uninanimate21,,,,,,
EBT eSports #217,676f5b66227a46d3c42e828e,1983 Porsche #11 956,,P,217,6676b6080b73fa7ba9864561,EBTe Viero,66ed63a6117542d7af01df5a,EBTe Sixx,6785246a70c4117d0b2ca21d,EBT Duck,6785961a7d3bdacc208c940d,EBT Trk,678657e17d3bdacc208c9dd1,EBT Revoltz,,,,,,DMS eSports Ford,676f5ba7227a46d3c42e82ac,1982 Ford #6 Mustang IMSA GT,,GT,49,605234e862e0840004c736ab,DMSdan48,63b9a3649537860004de96e4,DMSjake83,62c63424e873960004dee371,DMS Chris17,625e6eae969fde0004e2a7d4,DMS Hunter21,,,,,,
SDW Proto,676f5b66227a46d3c42e828e,1983 Porsche #11 956,,P,233,60338a3cf360cd0004f4515d,SDW Garmite,5f7fc38b46cb3b00047746ca,SDW Tsunami,603bdbe56b46d000040d30a9,SDW Blaziian,5eab4a8420435c000402d583,SDW Swift,5f9dba559cf84d0004618437,Koarsse,,,,,,Raven Racing II,676f5bad227a46d3c42e82b2,1981 Ford #2 Capri Turbo,,GT,113,64d756b47f22f400027d0626,Akilyou432,607c729d911ea500047605e9,bloodracer12,603a4016c93efa0004abbc2b,RVN Barricade,5f7f31a3e2af490004503d2d,raygun vs zombi,,,,,,
NDL Green,676f5b34227a46d3c42e8277,1983 Jaguar #44 XJR-5,,P,313,661eb4b05b41fa5fe471963f,NDL Micro,661eeb2b4ef22180c2ec8ff5,NDL HotPokets,66c11585929983ba0896f833,NDL Dindu,661fd4b24ef22180c2ec98f3,NDL Daniel,671f2a1b34c8d2cc2343a417,NDL Hotdog,,,,,,team 3art E-sport 1,676f5b66227a46d3c42e828e,1983 Porsche #11 956,,P,690,671789c58060cb202673756a,x3art Nico,61115386ae1f63000428d37d,X3art VeloZo,60aab17072131b0004040ced,X3art rastaX,62d12babd8bd6e0004daa209,X3art Hard,,,,,,
DEXTERITY,676f5b66227a46d3c42e828e,1983 Porsche #11 956,,P,410,667b67f609ca03955eb41e06,DEX CODCAOS,66a7fe9085e2c7f65b0583b5,DEX Dreams,66aa2b09a6714e65f51e86d9,RBM MGEZIN,64a9673f286087000286b2d9,DEX Relampz,66a51d657f1549f2423b2ac4,DEX Sabino,,,,,,PTG Jagster,676f5b34227a46d3c42e8277,1983 Jaguar #44 XJR-5,,P,666,6679acd43f3cc9c43b982439,PTG lilCESAR,6676fbf434cc3cf8b3eeb243,PTG Neb,5e24bde71ffb4000049d0adb,PTG Chungus,5eab315420435c000402d567,RZM Salti,,,,,,
DEXTERITY II,676f5b66227a46d3c42e828e,1983 Porsche #11 956,,P,411,6722a9eb1f68eb2aac287dd7,DEX Allysson,6722aa371f68eb2aac287df9,DEX DeeGee,678680587d3bdacc208ca014,DEX Felipe,66a661e21c7a05a27f370abf,DEX Rafarello,6785c6147d3bdacc208c9914,DEX Smolker,,,,,,AMS LPG 212,676f5b34227a46d3c42e8277,1983 Jaguar #44 XJR-5,,P,212,5e1b88f96c654b0004010530,AMS MeaD 212,66e5df5fbb65f3fe87f41baf,AMS Rambo,5e9848f8f87c6200043449b5,AMS Murks,671d35dc269ffa25c7ebf48e,AMS B3ast,607b77d19f810f0004d13ab8,AMS Indoctro,,,,
DEXTERITY III,676f5b66227a46d3c42e828e,1983 Porsche #11 956,,P,412,6785c5067d3bdacc208c98f6,DEX Brennow,6787e8dc722593a1687a1a0c,DEX Cookiefede,66a508fe2c128134858f363b,DEX Gatilho,6787ed43722593a1687a1a95,DEX Pr00digy,667c59183f22ad16fc2488c6,DEX Queirozzexe,,,,,,Zephyrus Purple,676f5b34227a46d3c42e8277,1983 Jaguar #44 XJR-5,,P,744,660f47c91dad40c72d38a944,ZR Clover,660f48521dad40c72d38a9a5,ZR Benito,66a1cd4ea405da9456df0506,ZR Gallardo,667733ee34cc3cf8b3ef0483,ZR Krizalid,,,,,,
PTG Jagster,676f5b34227a46d3c42e8277,1983 Jaguar #44 XJR-5,,P,666,6679acd43f3cc9c43b982439,PTG lilCESAR,6676fbf434cc3cf8b3eeb243,PTG Neb,5e24bde71ffb4000049d0adb,PTG Chungus,5eab315420435c000402d567,RZM Salti,,,,,,,,Porsche Team PaINske,676f5bd2227a46d3c42e82cd,1974 Porsche #1 911 RSR,,GT,90,5d41a5fc89bcfe0004e7925a,zrolizac,631c9ea707aa860004d2f72b,Dr CHAIR PHD,5eabba2a20435c000402d61f,MOMOnica 97,5ee25759cb4c330004573ee3,PHOENlX 8,5d4187d8e42c4500043f056c,Snow3883,,,,
AMS Astro,676f5b34227a46d3c42e8277,1983 Jaguar #44 XJR-5,,P,683,5edfb6ebf4b7c600047010a7,AMS Andrew14,603ab55923af280004736ee1,AMS Kenpachi,62b143d4c8f37300046ef962,AMS Phantom,5ede9dbd72cf0000047430d4,AMS Kustom Dipz,603a58ad23af280004736e3e,AMS Virage,,,,,,NWR GT,676f5b94227a46d3c42e82a0,1979 Datsun #33 280ZX Turbo,,GT,155,602ce40802e76a0004d1b84c,NWR Stevie,667ae99409ca03955eb3ff1a,NWR Zula,60218af12a5d49000456bed1,NWR Customs,67229a761f68eb2aac287b9b,NWR Arkinha,60c4517d53a5440004c37c21,NWR onioin,,,,
team 3art E-sport 1,676f5b66227a46d3c42e828e,1983 Porsche #11 956,,P,690,671789c58060cb202673756a,x3art Nico,61115386ae1f63000428d37d,X3art VeloZo,60aab17072131b0004040ced,X3art rastaX,62d12babd8bd6e0004daa209,X3art Hard,,,,,,,,VER Kryptonite,676f5b34227a46d3c42e8277,1983 Jaguar #44 XJR-5,,P,20,5edecd0a0e67d1000442a501,ROCKMORROW,5e6fc2f688bd6f0004d830e4,Squatchmongr,66e498c71e9fa2d8d8dec229,GrandWolf1221,5e28dad8ec662e000434a732,LMP Krispy,6709cb59b0c99a628bc7df7b,CamWorthy,,,,
Zephyrus Gold,676f5b34227a46d3c42e8277,1983 Jaguar #44 XJR-5,,P,719,6627fd39f7ae20520e5a55fb,ZR Ruso,66b0fd7e71bbd73e422a1f2e,ZR RuizRacer,66b0ff3071bbd73e422a202e,ZR Johan,6532d5735a6c6b0002715801,ZR Villa,61e0549589003c0004f8ebeb,ZR Eternitum,,,,,,The Wolf Pack,676f5b9e227a46d3c42e82a6,1982 Ferrari #72 512 BB/LM,,GT,976,5ee2f80acb4c330004574215,DesertWolf66,5e96720d3c493200042c78c4,Scorpio2656,5e961c413c493200042c6af6,AMS ODD71,,,,,,,,
Zephyrus Purple,676f5b34227a46d3c42e8277,1983 Jaguar #44 XJR-5,,P,744,660f47c91dad40c72d38a944,ZR Clover,660f48521dad40c72d38a9a5,ZR Benito,66a1cd4ea405da9456df0506,ZR Gallardo,667733ee34cc3cf8b3ef0483,ZR Krizalid,,,,,,,,Zephyrus Blue,676f5bd2227a46d3c42e82cd,1974 Porsche #1 911 RSR,,GT,5,5ef8c9b04407cb00043f7ab3,ZR Darius,65444b9159bcc5647bf7831b,ZR Hayai Cranki,6627095ef7ae20520e5a3ab7,ZR Berzerk,60a418f762ae740004d33fc4,ZR Volatile,,,,,,
LMP eSports Team Shindo,676f5b34227a46d3c42e8277,1983 Jaguar #44 XJR-5,,P,825,60cb86643a7aae00040c936f,LMP Smiley,609c30b860edbb00048c6e8c,LMP tvr,608474fa9cd3b900045974aa,LMP Goki,6570ed9bfaa2c32f92376868,LMP Cemblo,60c657fdfbdede000433cd43,LMP Erimus,,,,,,SDW Young Rich and Noble,676f5bc0227a46d3c42e82c1,1984 Nissan #20 Bluebird Super Silhouette,,GT,575,607f5051404adc000421c5a6,SDW TheSavi1,662ef228898860ed4b33c855,SDW Yokohama,6414a40a1ceccc0002b270cd,SDW Whiteout,5ee2dc5bcb4c3300045740d0,AMS Razo,5f218eab372a4e0004bb28cb,SDW Bowtie48,,,,
Zephyrus Blue,676f5bd2227a46d3c42e82cd,1974 Porsche #1 911 RSR,,GT,5,5ef8c9b04407cb00043f7ab3,ZR Darius,65444b9159bcc5647bf7831b,ZR Hayai Cranki,6627095ef7ae20520e5a3ab7,ZR Berzerk,60a418f762ae740004d33fc4,ZR Volatile,,,,,,,,Phoenix Motorsport Osiris,676f5b7a227a46d3c42e8294,1975 BMW #25 3.0 CSL,,GT,43,610f33eef4c398000419fed0,JiqSaw Bunqie,66a5045106990b5437431f2e,Rocket881,601833feece9fc000476af6e,SM S133PY,,,,,,,,
TNR eSports - Team Aces,676f5bc4227a46d3c42e82c7,1983 Nissan #23 Silvia Super Silhouette,,GT,7,60222194abf388000468be93,TNR Horizon,610653f4f40f9f0004f50866,GPR Bryker,60185671ece9fc000476affd,TNR Hillbily,668c04eb1daba437887db9f5,TNRVerCallum,66ef9d59bb372c29e8428ce6,TNR zacxx,,,,,,eMotorsport Racing Team,676f5b8a227a46d3c42e829a,1976 Chevrolet #76 Greenwood Corvette,,GT,420,62b3c78b7f05fb00048b036c,eMC Vision,67786d04bb87fcaa9a3bc383,eMC Bravo,6776d729582c7e6c1e7579dc,eMC Zoombat,62b671b27804e10004f09c4a,eMC Motoman,6404c8256b20fc0002cba720,eMC Rags,,,,
Friends 1ˢᵗ Team Nissan,676f5bc4227a46d3c42e82c7,1983 Nissan #23 Silvia Super Silhouette,,GT,10,5e96ed95df90a6000486cf83,F1R Takashi,66a507372c128134858f3414,F1R NeMy,671cf805269ffa25c7ebbab3,F1R Dezi9n,60a699bcd1b07e0004e092c2,F1R Obvious,,,,,,,,LMP eSports Team Croissants,676f5bad227a46d3c42e82b2,1981 Ford #2 Capri Turbo,,GT,826,601925e5f419490004a33d67,LMP ItofSan,6079c2ffa5f39c0004d6dca0,LMP Fazer,60a9168106f4940004b8254f,LMP Elemens,5e301704792b030004f43647,LMP Ranger,67786058bb87fcaa9a3bc267,EveRy Dex,,,,
UDP Racing - Gold,676f5b94227a46d3c42e82a0,1979 Datsun #33 280ZX Turbo,,GT,12,677c6b69eb2018b9d4045727,TheCalamityF0x,67886a7a8036ff27e4b835f8,Chasesunbox,677af8a06e450050d28f3373,C0ffee5004,,,,,,,,,,VER Very Legal,676f5b34227a46d3c42e8277,1983 Jaguar #44 XJR-5,,P,21,5f289e7ab511010004541b13,STEEL 5688,67786063bb87fcaa9a3bc278,SBR Reverb,602d4d0802e76a0004d1b873,TTJ111,60abd4485474250004d493fb,Tact1calFall0ut,,,,,,
Zephyrus Red,676f5b9e227a46d3c42e82a6,1982 Ferrari #72 512 BB/LM,,GT,14,66a4fdfc06990b5437430344,T10 Tio Forza,6623ce104f00b11b1491060c,ZR Taffy,662c1d0376762a9c30b31b76,ZR Derluki,66b2e8b4c73fc067f45aa152,ZR Valac,6627022ff7ae20520e5a3923,ZR SHERM4N,,,,,,Local Line,676f5b66227a46d3c42e828e,1983 Porsche #11 956,,P,23,61846353a508530004647437,RacinBacon96,5fc9c2cdd7b4f500046adfb3,TheSakuraShark,601c9746338abe00047baa2f,SilentDrifter19,61074006e32cf600043430c5,Queenbibah24,615e277b6518f7000481faec,Blocktoberfest,,,,
CR Motorsport,676f5bad227a46d3c42e82b2,1981 Ford #2 Capri Turbo,,GT,17,67782662a11b3b8579958718,CR KORNI,677827ada11b3b8579958769,Ferrariclub9,671d004b269ffa25c7ebcf08,NDL Beats,67790bcdbb87fcaa9a3bcdae,Audianer007,,,,,,,,HYR eSports,676f5bc4227a46d3c42e82c7,1983 Nissan #23 Silvia Super Silhouette,,GT,29,669d7111732f681d0450c94a,Cali Autumn,66a6c213d212d92ee4d3bb25,HYR Fre1tas,669a7328866cf3d9c0dd1b28,HYR Skyline,6112e1f913d9550004c5206a,HYRStokeyjoe,,,,,,
Team Sakura Retrocrushes 1.5,676f5bc4227a46d3c42e82c7,1983 Nissan #23 Silvia Super Silhouette,,GT,25,5e1b83f36c654b0004010520,Ax4x Mikun,6025730004098d0004bbdc42,FreshCubanBread,6082076481e3fd0004a10451,Ax4x Histarium,602d594402e76a0004d1b87a,ll MrKhepri,,,,,,,,CR Motorsport,676f5bad227a46d3c42e82b2,1981 Ford #2 Capri Turbo,,GT,17,67782662a11b3b8579958718,CR KORNI,677827ada11b3b8579958769,Ferrariclub9,671d004b269ffa25c7ebcf08,NDL Beats,67790bcdbb87fcaa9a3bcdae,Audianer007,,,,,,
HYR eSports,676f5bc4227a46d3c42e82c7,1983 Nissan #23 Silvia Super Silhouette,,GT,29,669d7111732f681d0450c94a,Cali Autumn,66a6c213d212d92ee4d3bb25,HYR Fre1tas,669a7328866cf3d9c0dd1b28,HYR Skyline,6112e1f913d9550004c5206a,HYRStokeyjoe,,,,,,,,THR Baguette,676f5bc4227a46d3c42e82c7,1983 Nissan #23 Silvia Super Silhouette,,GT,50,5e9de207c5ab280004baa60c,THR Delete,671ad491407bf54476907126,THR Benz,66af6b1c9f9c1cdf966b4a6e,THR Antoine,5e967a6d3c493200042c7a8c,THR Lags,65343bf52147f50002eca683,THR Zaabry,,,,
HYR Luxsim24 Racing,676f5bc4227a46d3c42e82c7,1983 Nissan #23 Silvia Super Silhouette,,GT,30,66dda0e22b1ff81c73b932c2,HYR Drryden,642b65ff63751d0002617489,KingCameron1607,67771133a11b3b8579957aa6,BanzinXz1,64083fae9608310002ac578d,HYR Swin,64501483489d270002ade1ba,Spooky21Squid,,,,,,Sovereign Racing,676f5b66227a46d3c42e828e,1983 Porsche #11 956,,P,4,65e9158f561819fd3bafae6e,Toaster Lord YT,64a9db88286087000286b479,QuadRings,64a9d787286087000286b477,SkylineLofe,64a9dbaa286087000286b47b,ye3zs,66771f8e34cc3cf8b3eec958,KanyeEast3284,,,,
HYR Roy Millward Motorsport,676f5bc4227a46d3c42e82c7,1983 Nissan #23 Silvia Super Silhouette,,GT,31,66e5df7cbb65f3fe87f41bf0,HYR Bookey,6251862053acee00048b820a,HYR Riddle U,66e5e29ebb65f3fe87f42215,XI Rydog IX,601a81fceb35a600043c597e,I AM Mamba5145,671d1a2b269ffa25c7ebe27c,HYR Maul,,,,,,DMS eSports Jaguar,676f5b34227a46d3c42e8277,1983 Jaguar #44 XJR-5,,P,94,63aa889a36224400047cd5df,DMSRebel1022,6679dbbf3f3cc9c43b9829e8,DMS Jarbs,639b8dacfab62b00045dc0b0,boiledbird88,6507353bbc34eb00023e9859,s4ska,,,,,,
Phoenix Motorsport,676f5bad227a46d3c42e82b2,1981 Ford #2 Capri Turbo,,GT,33,62eefadd696edd00042c7931,HYRmelanie9,671c8891269ffa25c7eb860e,Jeeday5415,602198602a5d49000456bed9,PXM Turismo,,,,,,,,,,HYR Luxsim24 Racing,676f5bc4227a46d3c42e82c7,1983 Nissan #23 Silvia Super Silhouette,,GT,30,66dda0e22b1ff81c73b932c2,HYR Drryden,642b65ff63751d0002617489,KingCameron1607,67771133a11b3b8579957aa6,BanzinXz1,64083fae9608310002ac578d,HYR Swin,64501483489d270002ade1ba,Spooky21Squid,,,,
Phoenix Motorsport Osiris,676f5b7a227a46d3c42e8294,1975 BMW #25 3.0 CSL,,GT,43,610f33eef4c398000419fed0,JiqSaw Bunqie,66a5045106990b5437431f2e,Rocket881,601833feece9fc000476af6e,SM S133PY,,,,,,,,,,HYR Roy Millward Motorsport,676f5bc4227a46d3c42e82c7,1983 Nissan #23 Silvia Super Silhouette,,GT,31,66e5df7cbb65f3fe87f41bf0,HYR Bookey,6251862053acee00048b820a,HYR Riddle U,66e5e29ebb65f3fe87f42215,XI Rydog IX,601a81fceb35a600043c597e,I AM Mamba5145,671d1a2b269ffa25c7ebe27c,HYR Maul,,,,
DMS eSports Ford,676f5ba7227a46d3c42e82ac,1982 Ford #6 Mustang IMSA GT,,GT,49,605234e862e0840004c736ab,DMSdan48,63b9a3649537860004de96e4,DMSjake83,62c63424e873960004dee371,DMS Chris17,625e6eae969fde0004e2a7d4,DMS Hunter21,,,,,,,,Zephyrus Red,676f5b9e227a46d3c42e82a6,1982 Ferrari #72 512 BB/LM,,GT,14,66a4fdfc06990b5437430344,T10 Tio Forza,6623ce104f00b11b1491060c,ZR Taffy,662c1d0376762a9c30b31b76,ZR Derluki,66b2e8b4c73fc067f45aa152,ZR Valac,6627022ff7ae20520e5a3923,ZR SHERM4N,,,,
THR Baguette,676f5bc4227a46d3c42e82c7,1983 Nissan #23 Silvia Super Silhouette,,GT,50,5e9de207c5ab280004baa60c,THR Delete,671ad491407bf54476907126,THR Benz,66af6b1c9f9c1cdf966b4a6e,THR Antoine,5e967a6d3c493200042c7a8c,THR Lags,65343bf52147f50002eca683,THR Zaabry,,,,,,PTG Ninjersey,676f5b7a227a46d3c42e8294,1975 BMW #25 3.0 CSL,,GT,458,5ed620711fc5a70004a0d232,PTG Ducky,624d676603e95b0004d941f4,PTG Brains,61e00e3089003c0004f8ebcd,PTG ROB0611,671e0358d460b0df0d14fffd,PGR Lucas,,,,,,
ESV Motorsport,676f5b94227a46d3c42e82a0,1979 Datsun #33 280ZX Turbo,,GT,51,5ee0f963684197000451d324,ESV Barcode,5ede8eee72cf0000047430b4,ESV Kartz,65ea1dd874153708aa4cd16c,ESV Green,6039874cc93efa0004abbbc4,ESV Boberts,,,,,,,,Skill Issue Crew,676f5b9e227a46d3c42e82a6,1982 Ferrari #72 512 BB/LM,,GT,83,6686b563ac588d26225b3352,AFz Maverick,6684d445d867f75f8f4bbad5,TIICTaco,66a2c115180aa3a5c0a170c3,GodzillaCR19,6781b20a709209b0d5b54f7c,ACR CHOLIN,669319ad9aae736683bf37a0,NCRottweilas,,,,
APEX Driving School - AM,676f5b9e227a46d3c42e82a6,1982 Ferrari #72 512 BB/LM,,GT,54,65e8ebae561819fd3bafab8b,APEX FIAT,5ea04be7e280210004be740f,APEX FORTUNE 19,6432f4b229e300000248dbd6,APEXDRAGON5,6766ff4df132a74e7bb5dbc8,CrisHokage20,,,,,,,,OSM Racing Black,676f5b7a227a46d3c42e8294,1975 BMW #25 3.0 CSL,,GT,555,67790137bb87fcaa9a3bccca,OSM Bob6y,67794d13bb87fcaa9a3be47c,OSM GregXu,672ba6ea29e3c1bbb8c87252,OSM ThomasY,677a2119c1ed425e376aa287,OSM Aerith,67790756bb87fcaa9a3bcced,neng0325,,,,
Japspeed Racing GT,676f5bc0227a46d3c42e82c1,1984 Nissan #20 Bluebird Super Silhouette,,GT,60,67794d1bbb87fcaa9a3be4bc,JSR Chronic,5e87f0e1159ab700043a7000,JSR Craviator,669d404a66b5c26ab70b9367,JSR Blackend,66a4f0a3099bbc9a120041f9,JSR Light,66d25f1d571fda118099abfd,HYR Panducat,,,,,,Friends 1ˢᵗ Team Porsche,676f5b66227a46d3c42e828e,1983 Porsche #11 956,,P,8,5f9dca1d9cf84d0004618461,F1R Eclipse,603ac62323af280004736f12,RZM Shaun,67788014bb87fcaa9a3bc752,F1R Parallele,5e960f423c493200042c6718,F1R Tronic,,,,,,
CDR Motorsport,676f5b7a227a46d3c42e8294,1975 BMW #25 3.0 CSL,,GT,70,601fe0b6274d260004c41ae4,DOR NiTeM4Re,602ee7a4f0cac200045b6c3d,CDR WOODY,6727a77a8aa0d45eb4b9385d,Sonic Trogg,6782eabd709209b0d5b56306,CDR monster,,,,,,,,SDW Proto,676f5b66227a46d3c42e828e,1983 Porsche #11 956,,P,233,60338a3cf360cd0004f4515d,SDW Garmite,5f7fc38b46cb3b00047746ca,SDW Tsunami,603bdbe56b46d000040d30a9,SDW Blaziian,5eab4a8420435c000402d583,SDW Swift,5f9dba559cf84d0004618437,Koarsse,,,,
NDL Black,676f5b9e227a46d3c42e82a6,1982 Ferrari #72 512 BB/LM,,GT,75,5fa2da5f75f4f10004cb9808,NDL Unfolded,662153ec101c744d3b02a517,KVATR0,667cce703f22ad16fc24a0ef,NDL Wara,6720314c64d40f4604fe82ea,NDL Touge,,,,,,,,Autoholic Virgin Racing,676f5b34227a46d3c42e8277,1983 Jaguar #44 XJR-5,,P,69,67762ac0582c7e6c1e7575e3,Hanser1560,6779ed76c1ed425e376a9ea4,ChungJohn457,6787e2b6722593a1687a18e8,CaiCaiProMax,67794e86bb87fcaa9a3bf1cc,AliceRT,67794e37bb87fcaa9a3bef7d,EisaBea,,,,
Skill Issue Crew,676f5b9e227a46d3c42e82a6,1982 Ferrari #72 512 BB/LM,,GT,83,6686b563ac588d26225b3352,AFz Maverick,6684d445d867f75f8f4bbad5,TIICTaco,66a2c115180aa3a5c0a170c3,GodzillaCR19,6781b20a709209b0d5b54f7c,ACR CHOLIN,669319ad9aae736683bf37a0,NCRottweilas,,,,,,PTG Allstar,676f5b94227a46d3c42e82a0,1979 Datsun #33 280ZX Turbo,,GT,86,6016ea086a18f300045b892d,Lud1cr0us Sp33d,6016dce56a18f300045b890d,PTG J Caesar,60335370f360cd0004f4514c,Sls knockhill,62fea70288cd6f00042a5d4d,SLS ANZZ,5efe42218bc6af0004b5025a,TPR Mellish,,,,
PTG Allstar,676f5b94227a46d3c42e82a0,1979 Datsun #33 280ZX Turbo,,GT,86,6016ea086a18f300045b892d,Lud1cr0us Sp33d,6016dce56a18f300045b890d,PTG J Caesar,60335370f360cd0004f4514c,Sls knockhill,62fea70288cd6f00042a5d4d,SLS ANZZ,5efe42218bc6af0004b5025a,TPR Mellish,,,,,,NDL Green,676f5b34227a46d3c42e8277,1983 Jaguar #44 XJR-5,,P,313,661eb4b05b41fa5fe471963f,NDL Micro,661eeb2b4ef22180c2ec8ff5,NDL HotPokets,66c11585929983ba0896f833,NDL Dindu,661fd4b24ef22180c2ec98f3,NDL Daniel,671f2a1b34c8d2cc2343a417,NDL Hotdog,,,,
Porsche Team PaINske,676f5bd2227a46d3c42e82cd,1974 Porsche #1 911 RSR,,GT,90,5d41a5fc89bcfe0004e7925a,zrolizac,631c9ea707aa860004d2f72b,Dr CHAIR PHD,5eabba2a20435c000402d61f,MOMOnica 97,5ee25759cb4c330004573ee3,PHOENlX 8,5d4187d8e42c4500043f056c,Snow3883,,,,,,Cheese Burger League Racing,676f5b66227a46d3c42e828e,1983 Porsche #11 956,,P,98,67794d2bbb87fcaa9a3be561,CBL BXKong,67794e8bbb87fcaa9a3bf1e5,CBL Muhammad,677950b5bb87fcaa9a3bfafb,CBL Feiniu,67794ec3bb87fcaa9a3bf2ff,CBL Muuf665,67794f1bbb87fcaa9a3bf53e,CBL KNN98,,,,
DNFX skill issued,676f5b7a227a46d3c42e8294,1975 BMW #25 3.0 CSL,,GT,99,67278a908aa0d45eb4b93451,Hillfigg3r,67278b838aa0d45eb4b934bc,NukeX1617,6727917a8aa0d45eb4b9353b,MetalBomb269,67815b76e58bba3a231fd355,JohNixe,66872abdac588d26225b826e,JBlack240,,,,,,FTC Porche,676f5b66227a46d3c42e828e,1983 Porsche #11 956,,P,152,6578cfb47463229fb0a7a2a6,BotATron99,60ff3c15c136440004cffb0f,FTC Sadie,65107a0291f35c0002ebca4f,FTC Venom,,,,,,,,
Raven Racing II,676f5bad227a46d3c42e82b2,1981 Ford #2 Capri Turbo,,GT,113,64d756b47f22f400027d0626,Akilyou432,607c729d911ea500047605e9,bloodracer12,603a4016c93efa0004abbc2b,RVN Barricade,5f7f31a3e2af490004503d2d,raygun vs zombi,,,,,,,,Vanatix eSports,676f5b9e227a46d3c42e82a6,1982 Ferrari #72 512 BB/LM,,GT,721,5edf9158f4b7c6000470106e,VNX Carried,607b339d0bd1410004db79fc,VNX ZachThe1,62043a32d07dc90004e9d9ee,VNX Driftz,5e9574863c493200042c561e,SVR Spector,603a7f1b23af280004736e67,SeldomLegacy,,,,
DIR GT,676f5b8a227a46d3c42e829a,1976 Chevrolet #76 Greenwood Corvette,,GT,138,5f00bb844e64fa00046a8267,GGA FlakBus,677f08e225f06161e0b37a04,RSOC WILSON,6782f9e240bcfdb69c457cf4,VortexR977,60340a1ff360cd0004f45186,FTC Dartman,,,,,,,,Evolve Racing,676f5bad227a46d3c42e82b2,1981 Ford #2 Capri Turbo,,GT,723,6773839472206c09c9b030f6,EVR Prisma,6320ec08d5e0820004b41ad4,EVR Cactus,677767ffa11b3b8579957fa8,EVR Rewar,666ee9a4b3fb7abcff5442cf,EVR Tropical,624c268bdb037100044f8c9d,EVR Dunkey,,,,
NWR GT,676f5b94227a46d3c42e82a0,1979 Datsun #33 280ZX Turbo,,GT,155,602ce40802e76a0004d1b84c,NWR Stevie,667ae99409ca03955eb3ff1a,NWR Zula,60218af12a5d49000456bed1,NWR Customs,67229a761f68eb2aac287b9b,NWR Arkinha,60c4517d53a5440004c37c21,NWR onioin,,,,,,FTC Ilford-Porsche,676f5b66227a46d3c42e828e,1983 Porsche #11 956,,P,56,6016dd0a6a18f300045b890f,FTC Sakura,64b44f3d797eaf0002a56263,FTC Ashkan,6016dd2a6a18f300045b8911,Heikonyan,,,,,,,,
Big Schnoz: One Last Dance,676f5b8a227a46d3c42e829a,1976 Chevrolet #76 Greenwood Corvette,,GT,156,61f71d9b3720cd0004dc4dfb,Cytherena,5e66f8d28091d00004a5c607,TNR LarryB,671ef51034c8d2cc2343a196,KingOfTwlght,,,,,,,,,,Team LCR,676f5bad227a46d3c42e82b2,1981 Ford #2 Capri Turbo,,GT,768,5f2d54c36b2159000443d00a,LCR Leopard,5f2c47dc6b2159000443cee8,LCR Apex,60454eaf327e560004eb204b,Housman212e,6017c6e0ece9fc000476af12,SWR Taikyu,,,,,,
1HOR,676f5bc4227a46d3c42e82c7,1983 Nissan #23 Silvia Super Silhouette,,GT,160,6779c4e1c1ed425e376a9b34,Kuroshine,6779d7fac1ed425e376a9d14,Aspect114915,6779d71bc1ed425e376a9ce4,FraughtMeteor8,6779c5f3c1ed425e376a9b82,shad0wzgamer,677a0f77c1ed425e376aa131,Jabingus,,,,,,LMP eSports Team Turian,676f5bc4227a46d3c42e82c7,1983 Nissan #23 Silvia Super Silhouette,,GT,827,5e35db544f248a000498f6b7,LMP Dragon,602cd38602e76a0004d1b848,Ahmad Galal4418,62015ce9558c6b0004cfe619,LMP Porsche,66a502e306990b5437431c11,Leecherd,66ff4a5e58c554a5540c7459,KARTRACER212429,,,,
OSM Racing White,676f5b7a227a46d3c42e8294,1975 BMW #25 3.0 CSL,,GT,333,6777f235a11b3b8579958490,OSM PercyHR,6778c6a0bb87fcaa9a3bca00,OSM Yuzi,672b72cb29e3c1bbb8c86f35,OSM Hardy,672b428829e3c1bbb8c86d81,OSM Brucee33,6778fe8bbb87fcaa9a3bcc2d,TachibanaRuis,,,,,,1HOR,676f5bc4227a46d3c42e82c7,1983 Nissan #23 Silvia Super Silhouette,,GT,160,6779c4e1c1ed425e376a9b34,Kuroshine,6779d7fac1ed425e376a9d14,Aspect114915,6779d71bc1ed425e376a9ce4,FraughtMeteor8,6779c5f3c1ed425e376a9b82,shad0wzgamer,677a0f77c1ed425e376aa131,Jabingus,,,,
eMotorsport Racing Team,676f5b8a227a46d3c42e829a,1976 Chevrolet #76 Greenwood Corvette,,GT,420,62b3c78b7f05fb00048b036c,eMC Vision,67786d04bb87fcaa9a3bc383,eMC Bravo,6776d729582c7e6c1e7579dc,eMC Zoombat,62b671b27804e10004f09c4a,eMC Motoman,6404c8256b20fc0002cba720,eMC Rags,,,,,,Japspeed Racing Proto,676f5b66227a46d3c42e828e,1983 Porsche #11 956,,P,61,66a4e345824712c162ad9b82,JSR Ted,60a7d2934bb82600040be70f,JSR Europa,60bbe94cf9fb1400044fdbd7,JSR Vanquish,66a51dad7f1549f2423b2ae4,JSR RR97,,,,,,
PTG Ninjersey,676f5b7a227a46d3c42e8294,1975 BMW #25 3.0 CSL,,GT,458,5ed620711fc5a70004a0d232,PTG Ducky,624d676603e95b0004d941f4,PTG Brains,61e00e3089003c0004f8ebcd,PTG ROB0611,671e0358d460b0df0d14fffd,PGR Lucas,,,,,,,,UDP Racing - Blue,676f5b66227a46d3c42e828e,1983 Porsche #11 956,,P,11,61da37a623af8600045c0cf1,Femracer,64b6aa134f17270002a8c936,UDPMariaTDR,6360d9352ea21f0004cf6a56,UDPhyper,624ee92947b57000045a2134,UDP Haymaker,,,,,,
OSM Racing Black,676f5b7a227a46d3c42e8294,1975 BMW #25 3.0 CSL,,GT,555,67790137bb87fcaa9a3bccca,OSM Bob6y,67794d13bb87fcaa9a3be47c,OSM GregXu,672ba6ea29e3c1bbb8c87252,OSM ThomasY,677a2119c1ed425e376aa287,OSM Aerith,67790756bb87fcaa9a3bcced,neng0325,,,,,,UDP Racing - Gold,676f5b94227a46d3c42e82a0,1979 Datsun #33 280ZX Turbo,,GT,12,677c6b69eb2018b9d4045727,TheCalamityF0x,67886a7a8036ff27e4b835f8,Chasesunbox,677af8a06e450050d28f3373,C0ffee5004,,,,,,,,
SDW Young Rich and Noble,676f5bc0227a46d3c42e82c1,1984 Nissan #20 Bluebird Super Silhouette,,GT,575,607f5051404adc000421c5a6,SDW TheSavi1,662ef228898860ed4b33c855,SDW Yokohama,6414a40a1ceccc0002b270cd,SDW Whiteout,5ee2dc5bcb4c3300045740d0,AMS Razo,5f218eab372a4e0004bb28cb,SDW Bowtie48,,,,,,NDL Black,676f5b9e227a46d3c42e82a6,1982 Ferrari #72 512 BB/LM,,GT,75,5fa2da5f75f4f10004cb9808,NDL Unfolded,662153ec101c744d3b02a517,KVATR0,667cce703f22ad16fc24a0ef,NDL Wara,6720314c64d40f4604fe82ea,NDL Touge,,,,,,
Vanatix eSports,676f5b9e227a46d3c42e82a6,1982 Ferrari #72 512 BB/LM,,GT,721,5edf9158f4b7c6000470106e,VNX Carried,607b339d0bd1410004db79fc,VNX ZachThe1,62043a32d07dc90004e9d9ee,VNX Driftz,5e9574863c493200042c561e,SVR Spector,603a7f1b23af280004736e67,SeldomLegacy,,,,,,DIR Proto,676f5b5b227a46d3c42e8288,1985 Nissan #83 GTP ZX-Turbo,,P,38,5ff7eac45ed3e40004e7952d,BoeingSon,6463ec821226e40002ed7502,C480,60399859c93efa0004abbbcd,SDR Dremora,64a963e0286087000286b2d1,ForzamanR8,,,,,,
Evolve Racing,676f5bad227a46d3c42e82b2,1981 Ford #2 Capri Turbo,,GT,723,6773839472206c09c9b030f6,EVR Prisma,6320ec08d5e0820004b41ad4,EVR Cactus,677767ffa11b3b8579957fa8,EVR Rewar,666ee9a4b3fb7abcff5442cf,EVR Tropical,624c268bdb037100044f8c9d,EVR Dunkey,,,,,,DNFX skill issued,676f5b7a227a46d3c42e8294,1975 BMW #25 3.0 CSL,,GT,99,67278a908aa0d45eb4b93451,Hillfigg3r,67278b838aa0d45eb4b934bc,NukeX1617,6727917a8aa0d45eb4b9353b,MetalBomb269,67815b76e58bba3a231fd355,JohNixe,66872abdac588d26225b826e,JBlack240,,,,
Team LCR,676f5bad227a46d3c42e82b2,1981 Ford #2 Capri Turbo,,GT,768,5f2d54c36b2159000443d00a,LCR Leopard,5f2c47dc6b2159000443cee8,LCR Apex,60454eaf327e560004eb204b,Housman212e,6017c6e0ece9fc000476af12,SWR Taikyu,,,,,,,,DIR GT,676f5b8a227a46d3c42e829a,1976 Chevrolet #76 Greenwood Corvette,,GT,138,5f00bb844e64fa00046a8267,GGA FlakBus,677f08e225f06161e0b37a04,RSOC WILSON,6782f9e240bcfdb69c457cf4,VortexR977,60340a1ff360cd0004f45186,FTC Dartman,,,,,,
LMP eSports Team Modulo,676f5bad227a46d3c42e82b2,1981 Ford #2 Capri Turbo,,GT,824,5e9b29c7a89ad50004911316,LMP Billbo,5e1b90816c654b000401053c,LMP Amoeba,607af7070bd1410004db7998,LMP Juicebox,640c94719aa6710002d2c181,LMP Oliver,,,,,,,,CDR Motorsport,676f5b7a227a46d3c42e8294,1975 BMW #25 3.0 CSL,,GT,70,601fe0b6274d260004c41ae4,DOR NiTeM4Re,602ee7a4f0cac200045b6c3d,CDR WOODY,6727a77a8aa0d45eb4b9385d,Sonic Trogg,6782eabd709209b0d5b56306,CDR monster,,,,,,
LMP eSports Team Croissants,676f5bad227a46d3c42e82b2,1981 Ford #2 Capri Turbo,,GT,826,601925e5f419490004a33d67,LMP ItofSan,6079c2ffa5f39c0004d6dca0,LMP Fazer,60a9168106f4940004b8254f,LMP Elemens,5e301704792b030004f43647,LMP Ranger,67786058bb87fcaa9a3bc267,EveRy Dex,,,,,,EBT eSports #217,676f5b66227a46d3c42e828e,1983 Porsche #11 956,,P,217,6676b6080b73fa7ba9864561,EBTe Viero,66ed63a6117542d7af01df5a,EBTe Sixx,6785246a70c4117d0b2ca21d,EBT Duck,6785961a7d3bdacc208c940d,EBT Trk,678657e17d3bdacc208c9dd1,EBT Revoltz,,,,
LMP eSports Team Turian,676f5bc4227a46d3c42e82c7,1983 Nissan #23 Silvia Super Silhouette,,GT,827,5e35db544f248a000498f6b7,LMP Dragon,602cd38602e76a0004d1b848,Ahmad Galal4418,62015ce9558c6b0004cfe619,LMP Porsche,66a502e306990b5437431c11,Leecherd,66ff4a5e58c554a5540c7459,KARTRACER212429,,,,,,DEXTERITY,676f5b66227a46d3c42e828e,1983 Porsche #11 956,,P,410,667b67f609ca03955eb41e06,DEX CODCAOS,66a7fe9085e2c7f65b0583b5,DEX Dreams,66aa2b09a6714e65f51e86d9,RBM MGEZIN,64a9673f286087000286b2d9,DEX Relampz,66a51d657f1549f2423b2ac4,DEX Sabino,,,,
LMP eSports Team Carson,676f5b8a227a46d3c42e829a,1976 Chevrolet #76 Greenwood Corvette,,GT,828,66edd9f0117542d7af020281,LMP Veloce,61d734b789368e0004e02d3a,LMP Flo,65441cfc59bcc5647bf77b5d,LMP RCKCHLK,5e7a1189f6c9010004a22b36,RBHM RoadRAT,671506a43a0e25f9f4988b4e,LMP EKleKtiK,,,,,,DEXTERITY II,676f5b66227a46d3c42e828e,1983 Porsche #11 956,,P,411,6722a9eb1f68eb2aac287dd7,DEX Allysson,6722aa371f68eb2aac287df9,DEX DeeGee,678680587d3bdacc208ca014,DEX Felipe,66a661e21c7a05a27f370abf,DEX Rafarello,6785c6147d3bdacc208c9914,DEX Smolker,,,,
The Wolf Pack,676f5b9e227a46d3c42e82a6,1982 Ferrari #72 512 BB/LM,,GT,976,5ee2f80acb4c330004574215,DesertWolf66,5e96720d3c493200042c78c4,Scorpio2656,5e961c413c493200042c6af6,AMS ODD71,,,,,,,,,,DEXTERITY III,676f5b66227a46d3c42e828e,1983 Porsche #11 956,,P,412,6785c5067d3bdacc208c98f6,DEX Brennow,6787e8dc722593a1687a1a0c,DEX Cookiefede,66a508fe2c128134858f363b,DEX Gatilho,6787ed43722593a1687a1a95,DEX Pr00digy,667c59183f22ad16fc2488c6,DEX Queirozzexe,,,,