,,,,,,,,,,,,,,,,,,,,,,,,,,,,,,,,,,,,,,,,,,,,,,,,,,,,,,,,,,,,,,,,,,,,,,,,,,,,,,,,,,,,,,,,,,,,,,,,,,
,EVENT TIMES SHOWN ARE GMT,,,,,,,,,,Overall,Stint 1 - Day - 15:00-17:00,,,,,,,Stint 2 - Day - 17:00-19:00,,,,,,,Stint 3 - Day - 19:00-21:00,,,,,,,Stint 4 - Day - 21:00-23:00,,,,,,,Stint 5 - Day - 23:00-01:00,,,,,,,Stint 6 - Night - 01:00-03:00,,,,,,,Stint 7 - Night - 03:00-05:00,,,,,,,Stint 8 - Night - 05:00-07:00,,,,,,,Stint 9 - Night - 07:00-09:00,,,,,,,Stint 10 - Night - 09:00-11:00,,,,,,,Stint 11 - Night - 11:00-13:00,,,,,,,Stint 12 - Day - 13:00-15:00,,,,,,,Overall,,
Pos,Team Name,,Car Choice,,Class,Car #,Best 2 Lap Times,Numeric Lap Time,Lobby,Quali,Total Distance,No,Gamertag,1st Total Miles,1st Distance Before Move,1st Distance After Move,Distance To 1st,Total Distance,No,Gamertag,1st Total Miles,1st Distance Before Move,1st Distance After Move,Distance To 1st,Total Distance,No,Gamertag,1st Total Miles,1st Distance Before Move,1st Distance After Move,Distance To 1st,Total Distance,No,Gamertag,1st Total Miles,1st Distance Before Move,1st Distance After Move,Distance To 1st,Total Distance,No,Gamertag,1st Total Miles,1st Distance Before Move,1st Distance After Move,Distance To 1st,Total Distance,No,Gamertag,1st Total Miles,1st Distance Before Move,1st Distance After Move,Distance To 1st,Total Distance,No,Gamertag,1st Total Miles,1st Distance Before Move,1st Distance After Move,Distance To 1st,Total Distance,No,Gamertag,1st Total Miles,1st Distance Before Move,1st Distance After Move,Distance To 1st,Total Distance,No,Gamertag,1st Total Miles,1st Distance Before Move,1st Distance After Move,Distance To 1st,Total Distance,No,Gamertag,1st Total Miles,1st Distance Before Move,1st Distance After Move,Distance To 1st,Total Distance,No,Gamertag,1st Total Miles,1st Distance Before Move,1st Distance After Move,Distance To 1st,Total Distance,No,Gamertag,1st Total Miles,1st Distance Before Move,1st Distance After Move,Distance To 1st,Total Distance,Total Distance,Stints Complete,Points
1,Friends 1ˢᵗ Team Porsche,,1983 Porsche #11 956,,P,8,2:55.539,175539,1,1,2725.78,F1R Parallele,F1R Parallele,,,,4698,226.72,F1R Parallele,F1R Parallele,227,1408,6691,0,227.00,RZM Shaun,RZM Shaun,227,1710,2728,0,227.81,F1R Parallele,F1R Parallele,,,,1626,227.36,F1R Eclipse,F1R Eclipse,228,7441,9690,0,228.57,F1R Eclipse,F1R Eclipse,227,3238,6600,0,227.36,F1R Tronic,F1R Tronic,,,,6100,225.35,RZM Shaun,RZM Shaun,,,,621,226.61,RZM Shaun,RZM Shaun,226,949,1611,0,226.87,F1R Eclipse,F1R Eclipse,227,5272,5292,0,228.00,RZM Shaun,RZM Shaun,,,,5586,226.42,F1R Eclipse,F1R Eclipse,227,8599,10106,0,227.71,2725.784,12,200
2,Japspeed Racing Proto,,1983 Porsche #11 956,,P,61,2:56.014,176014,1,4,2711.85,JSR RR97,JSR RR97,,,,14564,224.86,JSR Ted,JSR Ted,,,,16876,223.80,JSR RR97,JSR RR97,,,,12298,225.48,JSR Europa,JSR Europa,,,,3328,227.03,JSR Vanquish,JSR Vanquish,,,,7441,227.16,JSR Vanquish,JSR Vanquish,,,,3238,226.75,JSR Europa,JSR Europa,226,6082,8714,0,226.50,JSR Vanquish,JSR Vanquish,,,,2804,226.19,JSR Europa,JSR Europa,,,,949,226.69,JSR Ted,JSR Ted,,,,10192,226.07,JSR Ted,JSR Ted,,,,11285,225.34,JSR RR97,JSR RR97,,,,9255,225.96,2711.845,12,190
3,TNR eSports - Team Diamonds,,1983 Jaguar #44 XJR-5,,P,27,2:56.937,176937,1,7,2703.38,TNR Remix,TNR Remix,,,,12856,225.18,TNR Skiddy,TNR Skiddy,,,,10123,225.08,TNR LuckyVII,TNR LuckyVII,,,,6303,226.61,TNR Canuck,TNR Canuck,,,,6459,226.44,TNR Remix,TNR Remix,,,,15930,225.56,TNR Blade,TNR Blade,,,,10334,225.41,TNR LuckyVII,TNR LuckyVII,,,,6082,225.35,TNR Blade,TNR Blade,,,,11477,224.55,TNR Canuck,TNR Canuck,,,,15095,224.02,TNR Remix,TNR Remix,,,,18684,224.46,TNR Skiddy,TNR Skiddy,,,,9730,225.64,TNR LuckyVII,TNR LuckyVII,,,,13847,225.09,2703.381,12,183
4,Zephyrus Gold,,1983 Jaguar #44 XJR-5,,P,719,2:57.243,177243,2,1,2702.61,ZR RuizRacer,ZR RuizRacer,226,0,1169,0,226.78,ZR Johan,ZR Johan,,,,205,225.85,ZR Ruso,ZR Ruso,225,1547,4615,0,225.42,ZR Villa,ZR Villa,226,5846,7129,0,226.76,ZR Ruso,ZR Ruso,,,,1190,225.31,ZR Villa,ZR Villa,226,7846,9462,0,226.69,ZR Eternitum,ZR Eternitum,224,154494,154662,0,224.97,ZR Villa,ZR Villa,226,163360,166116,0,226.48,ZR RuizRacer,ZR RuizRacer,,,,14,225.83,ZR Villa,ZR Villa,,,,5856,225.16,ZR RuizRacer,ZR RuizRacer,225,2486,3045,0,225.89,ZR Johan,ZR Johan,225,10005,15005,0,225.05,2702.611,12,178
5,VER Kryptonite,,1983 Jaguar #44 XJR-5,,P,20,2:57.300,177300,2,2,2693.05,Grandwolf1221,Grandwolf1221,,,,13671,224.19,ROCKMORROW,ROCKMORROW,,,,5027,224.93,CamWorthy,CamWorthy,,,,2064,225.03,Grandwolf1221,Grandwolf1221,,,,9744,224.91,LMP Krispy,LMP Krispy,225,154299,156775,0,225.53,LMP Krispy,LMP Krispy,,,,7846,225.21,ROCKMORROW,ROCKMORROW,,,,9746,223.12,ROCKMORROW,ROCKMORROW,,,,10203,224.55,Squatchmongr,Squatchmongr,,,,10300,223.88,Squatchmongr,Squatchmongr,,,,8251,224.71,CamWorthy,CamWorthy,,,,9808,224.04,Grandwolf1221,Grandwolf1221,,,,1060,224.85,2693.055,12,173
6,DEXTERITY III,,1983 Porsche #11 956,,P,412,2:57.580,177580,2,3,2686.33,DEX QueirozzExe,DEX QueirozzExe,,,,227,226.74,DEX QueirozzExe,DEX QueirozzExe,225,205,810,0,225.89,DEX Gatilho,DEX Gatilho,,,,6596,224.17,DEX Brennow,DEX Brennow,,,,5846,225.65,DEX Gatilho,DEX Gatilho,,,,8246,223.97,DEX Cookiefede,DEX Cookiefede,,,,18899,223.11,DEX Brennow,DEX Brennow,,,,2090,224.57,DEX QueirozzExe,DEX QueirozzExe,,,,3022,225.91,DEX Brennow,DEX Brennow,,,,49213,216.51,DEX Gatilho,DEX Gatilho,,,,16009,223.24,DEX Gatilho,DEX Gatilho,,,,5679,224.82,DEX Cookiefede,DEX Cookiefede,,,,7409,223.65,2686.328,12,168
7,Friends 1ˢᵗ Team Porsche II,,1983 Porsche #11 956,,P,9,2:56.853,176853,1,6,2685.20,F1R Legrekt,F1R Legrekt,,,,9316,225.85,F1R Legrekt,F1R Legrekt,,,,6605,225.75,F1R Spencer,F1R Spencer,,,,1710,227.48,F1R Spencer,F1R Spencer,227,1626,3403,0,227.66,F1R Redline,F1R Redline,,,,16967,225.36,F1R Redline,F1R Redline,,,,15745,224.38,F1R Badu,F1R Badu,,,,13461,223.95,F1R Spencer,F1R Spencer,226,11477,12937,0,226.72,F1R Badu,F1R Badu,,,,12549,224.50,F1R Legrekt,F1R Legrekt,,,,9603,226.18,F1R Legrekt,F1R Legrekt,,,,5562,226.43,F1R Redline,F1R Redline,,,DNF,,203.78,2685.204,11,163
8,VER All But,,1983 Jaguar #44 XJR-5,,P,22,2:55.950,175950,1,3,2683.31,ESL Decoy,ESL Decoy,,,,4012,226.85,BDF48GAMING,BDF48GAMING,,,,1408,226.73,BDF48GAMING,BDF48GAMING,,,,1927,227.44,Real Spill G0at,Real Spill G0at,,,,3885,226.93,Real Spill G0at,Real Spill G0at,,,DNF,,203.14,ferraribss237,ferraribss237,,,,9154,225.63,JoeI FM,JoeI FM,,,,6216,225.32,ferraribss237,ferraribss237,,,,16234,223.65,JoeI FM,JoeI FM,,,,6524,225.64,ESL Decoy,ESL Decoy,,,,7745,226.53,ESL Decoy,ESL Decoy,,,,3977,226.73,JoeI FM,JoeI FM,,,,37509,220.61,2683.315,11,158
9,EBT eSports #217,,1983 Porsche #11 956,,P,217,2:57.954,177954,2,9,2674.96,EBTe Sixx,EBTe Sixx,,,,15060,223.93,EBTe Sixx,EBTe Sixx,,,,12978,223.43,EBTe Viero,EBTe Viero,,,,12090,223.13,EBT TRK,EBT TRK,,,,23176,222.37,EBTe Viero,EBTe Viero,,,,5290,224.53,EBTe Viero,EBTe Viero,,,,13483,224.14,EBT Duck,EBT Duck,,,,6491,223.74,EBTe Sixx,EBTe Sixx,,,,7681,225.02,EBT Duck,EBT Duck,,,,44639,217.38,EBTe Sixx,EBTe Sixx,226,5856,9712,0,226.27,EBT TRK,EBT TRK,,,,16212,222.82,EBTe Viero,EBTe Viero,,,,3656,224.36,2674.961,12,153
10,NDL Green,,1983 Jaguar #44 XJR-5,,P,313,2:57.624,177624,2,4,2673.57,NDL Daniel,NDL Daniel,,,,36265,219.91,NDL Dindu,NDL Dindu,,,,2032,225.50,NDL Daniel,NDL Daniel,,,,37848,218.25,NDL Micro,NDL Micro,,,,17912,223.36,NDL HotPokets,NDL HotPokets,,,,10079,223.62,NDL Hotdog,NDL Hotdog,,,,21069,222.70,NDL HotPokets,NDL HotPokets,,,,10912,222.90,NDL Hotdog,NDL Hotdog,,,,32849,220.26,NDL Dindu,NDL Dindu,,,,323,225.77,NDL Micro,NDL Micro,,,,15399,223.35,NDL Dindu,NDL Dindu,,,,2486,225.42,NDL Micro,NDL Micro,,,,3436,224.40,2673.568,12,148
11,SDW Proto,,1983 Porsche #11 956,,P,233,2:56.701,176701,1,5,2672.71,SDW Swift,SDW Swift,,,,9387,225.84,SDW Garmite,SDW Garmite,,,,11126,224.89,Koarsse,Koarsse,,,,3039,227.23,SDW Swift,SDW Swift,,,,22827,223.34,SDW Tsunami,SDW Tsunami,,,,24598,223.92,SDW Blaziian,SDW Blaziian,,,,15430,224.44,SDW Tsunami,SDW Tsunami,,,,6386,225.29,SDW Blaziian,SDW Blaziian,,,,15363,223.81,SDW Tsunami,SDW Tsunami,,,,8657,225.24,SDW Swift,SDW Swift,,,DNF,,202.46,Koarsse,Koarsse,,,,7931,225.98,SDW Garmite,SDW Garmite,,,,14273,225.01,2672.710,11,145
12,SFM Competizione,,1983 Jaguar #44 XJR-5,,P,24,2:58.047,178047,3,2,2669.50,JustUnkuuu,JustUnkuuu,,,,7030,222.33,FreeL4ncer9801,FreeL4ncer9801,,,,21365,220.07,SFM Darkzer,SFM Darkzer,225,8014,12754,0,225.10,JustUnkuuu,JustUnkuuu,,,,12170,222.64,JustUnkuuu,JustUnkuuu,,,,7630,223.50,FreeL4ncer9801,FreeL4ncer9801,,,,14573,220.39,SFM Darkzer,SFM Darkzer,224,21,4803,0,224.09,SFM Darkzer,SFM Darkzer,223,12402,12794,0,223.93,FreeL4ncer9801,FreeL4ncer9801,,,,20373,219.57,FreeL4ncer9801,FreeL4ncer9801,,,,15034,220.30,SFM Darkzer,SFM Darkzer,224,1326,5292,0,224.25,JustUnkuuu,JustUnkuuu,223,31,3551,0,223.33,2669.503,12,142
13,team 3art E-sport 1,,1983 Porsche #11 956,,P,690,2:59.560,179560,4,1,2664.00,X3art rastaX,X3art rastaX,,,,13208,220.37,X3art Nico,X3art Nico,,,,4365,222.08,X3art Velozo,X3art Velozo,,,,3283,223.29,X3art Velozo,X3art Velozo,,,,483,223.43,X3art Hard,X3art Hard,,,,10365,222.24,X3art Hard,X3art Hard,,,,632,223.64,X3art rastaX,X3art rastaX,,,,16269,218.44,X3art Nico,X3art Nico,,,,9172,221.64,X3art Velozo,X3art Velozo,,,,1741,222.83,X3art Nico,X3art Nico,,,,8485,221.83,X3art rastaX,X3art rastaX,,,,13375,220.24,X3art Hard,X3art Hard,,,,513,223.99,2664.002,12,139
14,AMS Astro,,1983 Jaguar #44 XJR-5,,P,683,2:59.466,179466,3,9,2662.86,AMS Andrew14,AMS Andrew14,,,,12023,221.39,AMS Kustom Dipz,AMS Kustom Dipz,,,,16910,220.92,AMS Virage,AMS Virage,,,,8014,223.58,AMS Kenpachi,AMS Kenpachi,,,,6715,223.67,AMS Virage,AMS Virage,,,,2952,224.39,AMS Andrew14,AMS Andrew14,,,,8068,221.62,AMS Kustom Dipz,AMS Kustom Dipz,,,,18249,220.64,AMS Phantom,AMS Phantom,,,,12402,221.58,AMS Kenpachi,AMS Kenpachi,,,,1170,223.20,AMS Phantom,AMS Phantom,,,,8977,221.45,AMS Andrew14,AMS Andrew14,,,,17324,220.97,AMS Phantom,AMS Phantom,,,,15441,220.41,2662.861,12,136
15,SFM Jag-war,,1983 Jaguar #44 XJR-5,,P,97,3:00.169,180169,4,6,2661.04,Xenocity9793,Xenocity9793,,,,8371,221.28,LR BLAZER GUNZ,LR BLAZER GUNZ,,,,8775,221.24,Kris33PAFC,Kris33PAFC,,,,12907,221.47,SFMichaels,SFMichaels,223,483,3009,0,223.52,LR BLAZER GUNZ,LR BLAZER GUNZ,,,,14952,221.37,moogsy23,moogsy23,,,,4349,222.93,LR BLAZER GUNZ,LR BLAZER GUNZ,,,,566,221.42,LR BLAZER GUNZ,LR BLAZER GUNZ,,,,16083,220.33,SFMichaels,SFMichaels,,,,10647,221.14,Kris33PAFC,Kris33PAFC,,,,10421,221.47,LR BLAZER GUNZ,LR BLAZER GUNZ,,,,3126,222.18,SFMichaels,SFMichaels,,,,7330,222.70,2661.041,12,133
16,LMP eSports Team Shindo,,1983 Jaguar #44 XJR-5,,P,825,2:57.065,177065,1,8,2657.67,LMP Erimus,LMP Erimus,,,,14508,224.87,LMP Erimus,LMP Erimus,,,DNF,,203.32,LMP Erimus,LMP Erimus,,,DNF,,203.32,LMP Smiley,LMP Smiley,,,,6614,226.41,LMP Smiley,LMP Smiley,,,,11508,226.39,LMP Goki,LMP Goki,,,,12287,225.04,LMP TVR,LMP TVR,,,,13586,223.93,LMP Goki,LMP Goki,,,,4498,225.87,LMP Smiley,LMP Smiley,,,,19523,223.18,LMP Goki,LMP Goki,,,,17534,224.68,LMP TVR,LMP TVR,,,,9641,225.66,LMP Smiley,LMP Smiley,,,,9230,225.97,2657.672,10,130
17,PTG Jagster,,1983 Jaguar #44 XJR-5,,P,666,2:57.852,177852,2,7,2651.60,Ptg lilCESAR,Ptg lilCESAR,,,,13860,224.15,Ptg neb,Ptg neb,,,,11905,223.63,Ptg lilCESAR,Ptg lilCESAR,,,,2155,225.01,Ptg neb,Ptg neb,,,,32007,220.70,RZM Salti,RZM Salti,,,,3037,224.96,Ptg neb,Ptg neb,,,,25479,221.87,Rzm salti,Rzm salti,,,,11021,222.88,Rzm salti,Rzm salti,,,,14943,223.65,Ptg chungus,Ptg chungus,,,,16372,222.73,Ptg chungus,Ptg chungus,,,DNF,,200.41,Ptg lilCESAR,Ptg lilCESAR,,,,19270,222.24,PTG Chungus,PTG Chungus,,,,10005,223.16,2651.599,11,127
18,VER Very Legal,,1983 Jaguar #44 XJR-5,,P,21,2:58.568,178568,3,3,2648.75,TTJ111,TTJ111,,,,2372,223.21,STEEL 5688,STEEL 5688,,,,5116,223.15,TTJ111,TTJ111,,,,4956,224.16,TTJ111,TTJ111,,,,1233,224.71,Tact1calFall0ut,Tact1calFall0ut,,,,15642,221.99,Tact1calFall0ut,Tact1calFall0ut,,,DNF,,199.84,SBR Reverb,SBR Reverb,,,,4823,223.18,Tact1calFall0ut,Tact1calFall0ut,,,,29385,218.36,STEEL 5688,STEEL 5688,223,1170,4213,0,223.42,SBR Reverb,SBR Reverb,223,5374,9880,0,223.15,STEEL 5688,STEEL 5688,,,,11153,222.14,SBR Reverb,SBR Reverb,,,,31,223.33,2648.749,11,124
19,Cheese Burger League Racing,,1983 Porsche #11 956,,P,98,2:59.108,179108,3,4,2648.57,CBL KNN98,CBL KNN98,,,,10743,221.63,CBL Muuf665,CBL Muuf665,,,,6238,222.94,CBL Feiniu,CBL Feiniu,,,,25396,220.29,CBL Feiniu,CBL Feiniu,,,,13002,222.48,CBL Muhammad,CBL Muhammad,,,,18869,221.37,CBL BXKong,CBL BXKong,,,,12104,220.86,CBL Muhammad,CBL Muhammad,,,,22446,219.84,CBL BXKong,CBL BXKong,,,,16391,220.82,CBL Feiniu,CBL Feiniu,,,,21642,219.32,CBL Muuf665,CBL Muuf665,,,,5374,222.13,CBL KNN98,CBL KNN98,,,,9619,222.43,CBL BXKong,CBL BXKong,,,,11891,221.08,2648.568,12,121
20,UDP Racing - Blue,,1983 Porsche #11 956,,P,11,2:59.630,179630,4,2,2640.66,UDPMariaTDR,UDPMariaTDR,222,8371,9071,0,222.87,UDPMariaTDR,UDPMariaTDR,222,4365,4862,0,222.91,UDPhyper,UDPhyper,,,,42014,215.95,UDPhyper,UDPhyper,,,,33167,217.24,femracer,femracer,,,,3302,223.57,femracer,femracer,,,,602,223.64,UDPMariaTDR,UDPMariaTDR,221,566,3085,0,221.52,UDPMariaTDR,UDPMariaTDR,,,,35628,216.63,Femracer,Femracer,223,1741,6194,0,223.16,Femracer,Femracer,,,,1687,223.12,UDPMariaTDR,UDPMariaTDR,222,2798,3995,0,222.77,UDP Haymaker,UDP Haymaker,,,,58750,212.96,2640.658,12,118
21,Local Line,,1983 Porsche #11 956,,P,23,2:59.763,179763,4,3,2631.61,Blocktoberfest,Blocktoberfest,,,,8490,221.26,Blocktoberfest,Blocktoberfest,,,,9300,221.14,TheSakuraShark,TheSakuraShark,,,,6628,222.65,TheSakuraShark,TheSakuraShark,,,,5827,222.42,RacinBacon96,RacinBacon96,224,14952,19183,0,224.20,RacinBacon96,RacinBacon96,223,602,1886,0,223.76,QueenBibah24,QueenBibah24,,,,14329,218.81,TheSakuraShark,TheSakuraShark,,,,5874,222.26,QueenBibah24,QueenBibah24,,,DNF,,198.54,QueenBibah24,QueenBibah24,,,,28582,218.03,Blocktoberfest,Blocktoberfest,,,,13922,220.14,RacinBacon96,RacinBacon96,224,161826,166654,0,224.09,2631.607,11,116
22,Autoholic Virgin Racing,,1983 Jaguar #44 XJR-5,,P,69,2:58.014,178014,3,1,2631.33,EisaBea,EisaBea,,,,4208,222.87,ChungJohn457,ChungJohn457,,,DNF,,201.66,CaiCaiProMax,CaiCaiProMax,,,,8341,223.52,Hanser1560,Hanser1560,224,1233,1534,0,224.94,Hanser1560,Hanser1560,224,2952,3227,0,224.95,ChungJohn457,ChungJohn457,,,,2930,222.59,EisaBea,EisaBea,,,,21,224.09,Hanser1560,Hanser1560,,,,-1353,224.18,EisaBea,EisaBea,,,,22544,219.15,CaiCaiProMax,CaiCaiProMax,,,,6363,221.94,AliceRT,AliceRT,,,,11166,222.13,Hanser1560,Hanser1560,,,DNF,,201.66,2631.333,10,114
23,NWR Proto,,1983 Jaguar #44 XJR-5,,P,157,2:59.298,179298,3,6,2626.28,NWR Origin,NWR Origin,223,2372,4154,0,223.66,NWR Origin,NWR Origin,,,DNF,,199.59,NWR Shadow,NWR Shadow,,,,11568,222.91,NWR Birchy7,NWR Birchy7,,,,11044,222.85,NWR Shadow,NWR Shadow,,,,7582,223.51,NWR Birchy7,NWR Birchy7,,,,3756,222.44,NWR Shadow,NWR Shadow,,,,23407,219.66,NWR Birchy7,NWR Birchy7,,,,13218,221.42,NWR Birchy7,NWR Birchy7,,,,9573,221.61,NWR Jesko,NWR Jesko,,,,66107,210.63,NWR Origin,NWR Origin,,,,1326,224.00,NWR Jesko,NWR Jesko,,,,39303,215.89,2626.277,11,112
24,APEX Driving School - PRO,,1983 Jaguar #44 XJR-5,,P,45,2:59.301,179301,3,7,2623.17,APEX KIMI7,APEX KIMI7,,,,13936,221.02,APEX WYNOT,APEX WYNOT,,,DNF,,198.63,Uninanimate21,Uninanimate21,,,,31033,219.22,APEX FUEGO,APEX FUEGO,,,,24244,220.35,APEX WYNOT,APEX WYNOT,,,,24189,220.37,APEX FUEGO,APEX FUEGO,,,,13163,220.66,APEX WYNOT,APEX WYNOT,,,,39028,216.70,Uninanimate21,Uninanimate21,,,,12517,221.56,APEX FUEGO,APEX FUEGO,,,,17314,220.14,APEX KIMI7,APEX KIMI7,,,,7310,221.76,Uninanimate21,Uninanimate21,,,,21256,220.22,APEX KIMI7,APEX KIMI7,,,,4217,222.53,2623.174,11,110
25,DEXTERITY II,,1983 Porsche #11 956,,P,411,2:57.650,177650,2,5,2603.86,DEX Allysson,DEX Allysson,,,,11374,224.62,DEX Rafarello,DEX Rafarello,,,DNF,,198.89,DEX Felipe,DEX Felipe,,,DNF,,198.89,DEX Allysson,DEX Allysson,,,DNF,,198.89,DEX DEEGEE,DEX DEEGEE,,,,30977,219.66,DEX Rafarello,DEX Rafarello,,,,12184,224.39,DEX Smolker,DEX Smolker,,,,6733,223.69,DEX Smolker,DEX Smolker,,,,6778,225.19,DEX Smolker,DEX Smolker,225,14,888,0,225.83,DEX Rafarello,DEX Rafarello,,,,12410,223.92,DEX Rafarello,DEX Rafarello,,,,9888,224.02,DEX DEEGEE,DEX DEEGEE,,,,33606,218.69,2603.864,9,108
26,DMS eSports Jaguar,,1983 Jaguar #44 XJR-5,,P,94,2:59.806,179806,4,5,2601.93,s4ska,s4ska,,,,15070,220.01,boiledbird88,boiledbird88,,,,150310,194.44,DMS Jarbs,DMS Jarbs,223,37080,37557,0,223.91,s4ska,s4ska,,,,14603,220.76,DMSRebel1022,DMSRebel1022,,,,64865,211.91,DMSRebel1022,DMSRebel1022,,,,57320,212.90,s4ska,s4ska,,,,9416,219.74,DMS Jarbs,DMS Jarbs,223,5874,9181,0,223.37,DMSRebel1022,DMSRebel1022,,,,61434,211.52,DMS Jarbs,DMS Jarbs,223,1687,4645,0,223.44,DMS Jarbs,DMS Jarbs,,,,2798,222.24,s4ska,s4ska,,,,33805,217.68,2601.932,12,106
27,FTC Porche,,1983 Porsche #11 956,,P,152,2:59.788,179788,4,4,2587.12,FTC Sadie,FTC Sadie,,,,33369,216.55,FTC Sadie,FTC Sadie,,,,18373,219.43,FTC Sadie,FTC Sadie,,,,40773,216.19,FTC Sadie,FTC Sadie,,,,18303,220.06,FTC Sadie,FTC Sadie,,,,21098,220.20,FTC Sadie,FTC Sadie,,,DNF,,198.43,BotATron99,BotATron99,,,,6356,220.32,BotATron99,BotATron99,,,,11293,221.23,FTC Venom,FTC Venom,,,DNF,,198.43,FTC Venom,FTC Venom,,,,17412,220.14,BotATron99,BotATron99,,,,13577,220.20,FTC Venom,FTC Venom,,,,22956,219.74,2587.121,10,104
28,Sovereign Racing,,1983 Porsche #11 956,,P,4,3:01.647,181647,4,7,2545.80,KanyeEast3284,KanyeEast3284,,,,37714,215.72,KanyeEast3284,KanyeEast3284,,,,19431,219.23,QuadRings,QuadRings,,,,67957,211.04,QuadRings,QuadRings,,,,63647,211.47,QuadRings,QuadRings,,,DNF,,193.53,SkylineLofe,SkylineLofe,,,DNF,,194.81,SkylineLofe,SkylineLofe,,,,22694,217.22,SkylineLofe,SkylineLofe,,,,17150,220.13,Toaster Lord YT,Toaster Lord YT,,,,57185,212.33,YE3ZS,YE3ZS,,,,46796,214.58,YE3ZS,YE3ZS,,,,25086,218.02,Toaster Lord YT,Toaster Lord YT,,,,33587,217.72,2545.799,10,102
29,RZX Shadow,,1983 Jaguar #44 XJR-5,,P,19,2:57.194,177194,1,9,2463.82,RZX zDwarf,RZX zDwarf,,,,17843,224.23,RZX JjRedz,RZX JjRedz,,,,12845,224.57,RZX zDwarf,RZX zDwarf,,,,12355,225.47,RZX JjRedz,RZX JjRedz,,,,5240,226.67,RZX Jamesyy,RZX Jamesyy,,,,25495,223.75,RZX Jamesyy,RZX Jamesyy,,,,21842,223.23,RZX zDwarf,RZX zDwarf,,,,11781,224.27,RZX JjRedz,RZX JjRedz,,,,28453,221.33,RZX JjRedz,RZX JjRedz,,,,20362,223.02,RZX Jamesyy,RZX Jamesyy,,,,26681,222.94,RZX zDwarf,RZX zDwarf,,,,16558,224.35,RZX JjRedz,RZX JjRedz,,,DNS,,0.00,2463.823,11,100
30,DEXTERITY,,1983 Porsche #11 956,,P,410,2:55.684,175684,1,2,2454.00,RBM MGEZIN,RBM MGEZIN,227,4012,6049,0,227.61,DEX CODCAOS,DEX CODCAOS,,,,3685,226.30,DEX Dreams,DEX Dreams,,,DNF,,203.44,RBM MGEZIN,RBM MGEZIN,,,DNF,,203.44,DEX Sabino,DEX Sabino,,,,23307,224.16,DEX CODCAOS,DEX CODCAOS,,,,4943,226.43,DEX Sabino,DEX Sabino,,,,9844,224.64,DEX RELAMPZ,DEX RELAMPZ,,,,8621,225.09,DEX RELAMPZ,DEX RELAMPZ,,,,13148,224.38,DEX CODCAOS,DEX CODCAOS,,,,5272,227.00,RBM MGEZIN,RBM MGEZIN,227,3977,6717,0,227.48,DEX CODCAOS,DEX CODCAOS,,,,8599,226.09,2453.995,10,98
31,AMS LPG 212,,1983 Jaguar #44 XJR-5,,P,212,2:57.767,177767,2,6,2431.02,AMS Mead 212,AMS Mead 212,,,,9163,225.04,AMS Rambo,AMS Rambo,,,,14436,223.15,AMS Mead 212,AMS Mead 212,,,DNF,,200.90,AMS Indoctro,AMS Indoctro,,,,16893,223.56,AMS Murks,AMS Murks,,,,12114,223.24,AMS Indoctro,AMS Indoctro,,,,19920,222.92,AMS B3AST,AMS B3AST,,,,5528,223.92,AMS B3AST,AMS B3AST,,,,14992,223.64,AMS Murks,AMS Murks,,,,14169,223.15,AMS Rambo,AMS Rambo,,,,21233,222.25,AMS Mead 212,AMS Mead 212,,,DNS,,0.00,AMS Rambo,AMS Rambo,,,,20664,221.14,2431.018,10,96
32,Raven Racing,,1983 Jaguar #44 XJR-5,,P,13,2:59.359,179359,3,8,2222.10,Nizrrama,Nizrrama,,,,2562,223.18,Nizrrama,Nizrrama,224,5116,9762,0,224.12,RVN Twich,RVN Twich,,,,11707,222.89,Will darrell742,Will darrell742,,,,18728,221.40,Nizrrama,Nizrrama,,,,92,224.93,Nizrrama,Nizrrama,223,2930,7425,0,223.15,RVN Twich,RVN Twich,,,,9597,222.28,RVN Twich,RVN Twich,,,,3020,223.35,RVN twich,RVN twich,,,,1445,223.15,Will darrell742,Will darrell742,,,,26323,218.16,RVN AmityQwQ,RVN AmityQwQ,,,,51272,214.54,RVN Twich,RVN Twich,,,,5423,222.31,2222.104,12,94
33,Zephyrus Purple,,1983 Jaguar #44 XJR-5,,P,744,2:57.833,177833,2,7,2188.63,ZR Clover,ZR Clover,,,,15852,223.78,ZR Krizalid,ZR Krizalid,,,DNF,,201.81,ZR Clover,ZR Clover,,,,1547,225.13,ZR Krizalid,ZR Krizalid,,,DNF,,201.81,ZR Benito,ZR Benito,,,,9121,223.80,ZR Benito,ZR Benito,,,,24508,222.05,ZR Krizalid,ZR Krizalid,,,,22767,220.66,ZR Krizalid,ZR Krizalid,,,,17540,223.16,ZR Krizalid,ZR Krizalid,,,,17518,222.52,ZR Krizalid,ZR Krizalid,,,,12429,223.92,ZR Krizalid,ZR Krizalid,,,DNS,,0.00,ZR Benito,ZR Benito,,,DNS,,0.00,2188.626,8,93
34,DIR Proto,,1985 Nissan #83 GTP ZX-Turbo,,P,38,3:02.616,182616,4,8,1879.91,BoeingSon,BoeingSon,,,DNF,,194.63,C480,C480,,,,53369,212.80,forzamanR8,forzamanR8,,,,37080,216.89,SDR Dremora,SDR Dremora,,,,51085,213.85,BoeingSon,BoeingSon,,,,14253,221.50,SDR Dremora,SDR Dremora,,,DNF,,194.72,BoeingSon,BoeingSon,,,DNS,,0.00,forzamanR8,forzamanR8,,,DNS,,0.00,C480,C480,,,,38027,215.95,forzamanR8,forzamanR8,,,,35322,216.75,C480,C480,,,DNF,,194.72,BoeingSon,BoeingSon,,,DNS,,0.00,1879.907,6,92
35,FTC Ilford-Porsche,,1983 Porsche #11 956,,P,56,2:59.241,179241,3,5,1052.01,Heikonyan,Heikonyan,,,DNF,,197.61,Heikonyan,Heikonyan,,,DNF,,197.61,FTC Sakura,FTC Sakura,,,,10049,223.20,FTC Sakura,FTC Sakura,,,,12873,222.50,FTC Ashkan,FTC Ashkan,,,,63145,212.99,FTC Ashkan,FTC Ashkan,,,DNF,,0.00,Heikonyan,Heikonyan,,,DNS,,0.00,FTC Ashkan,FTC Ashkan,,,DNS,,0.00,FTC Sakura,FTC Sakura,,,DNS,,0.00,FTC Sakura,FTC Sakura,,,DNS,,0.00,Heikonyan,Heikonyan,,,DNS,,0.00,FTC Sakura,FTC Sakura,,,DNS,,0.00,1052.014,3,91
1,SDW Young Rich and Noble,,1984 Nissan #20 Bluebird Super Silhouette,,GT,575,3:20.474,200474,1,1,2398.31,SDW Yokohama,SDW Yokohama,,,,146796,199.81,SDW Yokohama,SDW Yokohama,,,,140970,200.30,SDW Bowtie48,SDW Bowtie48,,,,143904,200.55,SDW Whiteout,SDW Whiteout,,,,140636,201.03,AMS Razo,AMS Razo,,,,146452,200.84,SDW Whiteout,SDW Whiteout,,,,144462,200.00,SDW TheSavi1,SDW TheSavi1,,,,143599,199.30,SDW TheSavi1,SDW TheSavi1,,,,143598,199.53,SDW Yokohama,SDW Yokohama,,,,145305,199.35,AMS Razo,AMS Razo,,,,147474,200.07,SDW TheSavi1,SDW TheSavi1,,,,148877,199.28,SDW Bowtie48,SDW Bowtie48,,,,155624,198.24,2398.310,12,200
2,Friends 1ˢᵗ Team Nissan,,1983 Nissan #23 Silvia Super Silhouette,,GT,10,3:21.454,201454,1,4,2387.64,F1R NeMy,F1R NeMy,,,,148878,199.42,F1R Dezi9n,F1R Dezi9n,,,,147339,199.09,F1R Takashi,F1R Takashi,,,,152888,198.85,F1R Takashi,F1R Takashi,,,,150171,199.22,F1R Dezi9n,F1R Dezi9n,,,,156069,199.02,F1R Dezi9n,F1R Dezi9n,,,,148828,199.18,F1R Dezi9n,F1R Dezi9n,,,,145759,198.90,F1R Obvious,F1R Obvious,,,,154440,197.47,F1R NeMy,F1R NeMy,,,,146359,199.16,F1R NeMy,F1R NeMy,,,,150223,199.54,F1R Takashi,F1R Takashi,,,,152308,198.63,F1R NeMy,F1R NeMy,,,,150788,199.16,2387.637,12,190
3,Vanatix eSports,,1982 Ferrari #72 512 BB/LM,,GT,721,3:21.823,201823,1,8,2372.23,SVR Spector,SVR Spector,,,,156238,198.02,SeldomLegacy,SeldomLegacy,,,,147842,199.00,SeldomLegacy,SeldomLegacy,,,,144756,200.39,VNX ZachThe1,VNX ZachThe1,,,,167575,195.93,VNX Carried,VNX Carried,,,,151369,199.91,VNX Carried,VNX Carried,,,,144604,199.98,VNX Driftz,VNX Driftz,,,,150793,197.94,VNX Driftz,VNX Driftz,,,,152660,197.81,VNX Carried,VNX Carried,,,,142544,199.88,VNX Carried,VNX Carried,,,,148091,199.95,VNX ZachThe1,VNX ZachThe1,,,,224051,185.05,SVR Spector,SVR Spector,,,,154896,198.38,2372.226,12,183
4,THR Baguette,,1983 Nissan #23 Silvia Super Silhouette,,GT,50,3:21.489,201489,1,5,2370.44,THR Delete,THR Delete,,,,154030,198.44,THR Delete,THR Delete,,,,146741,199.21,THR Benz,THR Benz,,,,148780,199.63,THR Benz,THR Benz,,,DNF,,179.44,THR Lags,THR Lags,,,,148054,200.53,THR Lags,THR Lags,,,,147482,199.43,THR Benz,THR Benz,,,,146445,198.77,THR Benz,THR Benz,,,,146941,198.89,THR Lags,THR Lags,,,,143382,199.72,THR Lags,THR Lags,,,,154165,198.80,THR Delete,THR Delete,,,,152995,198.50,THR Lags,THR Lags,,,,151209,199.08,2370.441,11,178
5,LMP eSports Team Modulo,,1981 Ford #2 Capri Turbo,,GT,824,3:22.171,202171,1,9,2369.17,LMP Billbo,LMP Billbo,,,,156544,197.97,LMP Oliver,LMP Oliver,,,,155674,197.52,LMP Amoeba,LMP Amoeba,,,,151409,199.13,LMP Billbo,LMP Billbo,,,,153016,198.68,LMP Amoeba,LMP Amoeba,,,,158521,198.55,LMP Juicebox,LMP Juicebox,,,,162795,196.53,LMP Amoeba,LMP Amoeba,,,,148650,198.35,LMP Oliver,LMP Oliver,,,,160807,196.27,LMP Billbo,LMP Billbo,,,,154373,197.64,LMP Juicebox,LMP Juicebox,,,,165072,196.73,LMP Oliver,LMP Oliver,,,,170592,195.17,LMP Juicebox,LMP Juicebox,,,,164127,196.63,2369.165,12,173
6,PTG Allstar,,1979 Datsun #33 280ZX Turbo,,GT,86,3:23.345,203345,2,6,2367.82,PTG J Caesar,PTG J Caesar,,,,155696,197.29,TPR Mellish,TPR Mellish,,,,152196,197.06,PTG J Caesar,PTG J Caesar,,,,140666,198.78,TPR Mellish,TPR Mellish,,,,148560,198.62,Lud1cr0us sp33d,Lud1cr0us sp33d,,,,153900,196.38,PTG J Caesar,PTG J Caesar,,,,150576,198.18,Lud1cr0us sp33d,Lud1cr0us sp33d,,,,152765,196.04,SLS Knockhill,SLS Knockhill,,,,152835,197.53,SLS Knockhill,SLS Knockhill,,,,147493,197.90,TPR Mellish,TPR Mellish,,,,149898,197.88,PTG J Caesar,PTG J Caesar,,,,149967,197.49,SLS Knockhill,SLS Knockhill,,,,155396,195.62,2367.822,12,168
7,ESV Motorsport,,1979 Datsun #33 280ZX Turbo,,GT,51,3:21.288,201288,1,2,2366.33,ESV Barcode,ESV Barcode,,,,150563,199.10,ESV Green,ESV Green,,,,146710,199.21,ESV Kartz,ESV Kartz,,,,147176,199.93,ESV Green,ESV Green,,,,145035,200.19,ESV Boberts,ESV Boberts,,,,159243,198.41,ESV Boberts,ESV Boberts,,,,154891,198.03,ESV Barcode,ESV Barcode,,,,144470,199.14,ESV Kartz,ESV Kartz,,,DNF,,178.56,ESV Kartz,ESV Kartz,,,,150428,198.38,ESV Boberts,ESV Boberts,,,,159317,197.82,ESV Green,ESV Green,,,,152291,198.64,ESV Barcode,ESV Barcode,,,,152142,198.90,2366.329,11,163
8,LMP eSports Team Carson,,1976 Chevrolet #76 Greenwood Corvette,,GT,828,3:24.443,204443,3,7,2365.32,LMP Flo,LMP Flo,,,,138464,197.44,LMP Veloce,LMP Veloce,,,,151355,195.45,LMP Veloce,LMP Veloce,,,,142467,198.12,LMP RCKCHLK,LMP RCKCHLK,,,,142290,197.99,LMP RCKCHLK,LMP RCKCHLK,,,,142283,198.00,RBHM RoadRAT,RBHM RoadRAT,,,,138329,196.95,LMP EKleKtiK,LMP EKleKtiK,,,,151500,195.40,LMP EKleKtiK,LMP EKleKtiK,,,,145910,196.29,LMP RCKCHLK,LMP RCKCHLK,,,,135745,197.71,LMP Flo,LMP Flo,,,,134226,197.73,RBHM RoadRAT,RBHM RoadRAT,,,,147053,196.40,LMP Flo,LMP Flo,,,,134519,197.86,2365.324,12,158
9,OSM Racing White,,1975 BMW #25 3.0 CSL,,GT,333,3:22.367,202367,2,1,2363.34,OSM Brucee33,OSM Brucee33,,,,149159,198.53,OSM Yuzi,OSM Yuzi,,,,142850,198.83,OSM Brucee33,OSM Brucee33,,,DNF,,178.95,OSM Brucee33,OSM Brucee33,,,,142987,199.68,OSM PercyHR,OSM PercyHR,,,,142158,198.61,Tachibanaruis,Tachibanaruis,,,,148841,198.50,OSM Yuzi,OSM Yuzi,,,,141361,198.20,Tachibanaruis,Tachibanaruis,,,,147713,198.50,OSM Hardy,OSM Hardy,,,,146649,198.06,OSM PercyHR,OSM PercyHR,,,,147438,198.35,OSM Yuzi,OSM Yuzi,,,,144043,198.61,OSM Hardy,OSM Hardy,,,,140061,198.53,2363.340,11,153
10,Zephyrus Blue,,1974 Porsche #1 911 RSR,,GT,5,3:21.352,201352,1,3,2362.62,ZR Volatile,ZR Volatile,,,,156762,197.92,ZR Volatile,ZR Volatile,,,DNF,,178.93,ZR Hayai Cranki,ZR Hayai Cranki,,,,153181,198.80,ZR Berzerk,ZR Berzerk,,,,141451,200.87,ZR Berzerk,ZR Berzerk,,,,158638,198.53,ZR Darius,ZR Darius,,,,153039,198.38,ZR Hayai Cranki,ZR Hayai Cranki,,,,148905,198.30,ZR Darius,ZR Darius,,,,149177,198.47,ZR Berzerk,ZR Berzerk,,,,151838,198.12,ZR Hayai Cranki,ZR Hayai Cranki,,,,156668,198.32,ZR Berzerk,ZR Berzerk,,,,155465,198.04,ZR Volatile,ZR Volatile,,,,157196,197.94,2362.624,11,148
11,CR Motorsport,,1981 Ford #2 Capri Turbo,,GT,17,3:23.181,203181,2,4,2361.56,NDL Beats,NDL Beats,,,,148174,198.72,Ferrariclub9,Ferrariclub9,,,,151363,197.22,CR KORNI,CR KORNI,,,,153148,196.41,Audianer007,Audianer007,,,,157154,196.99,NDL Beats,NDL Beats,,,,140786,198.87,Audianer007,Audianer007,,,,165582,195.33,CR KORNI,CR KORNI,,,,158517,194.95,CR KORNI,CR KORNI,,,,164040,195.41,Ferrariclub9,Ferrariclub9,,,,154751,196.53,NDL Beats,NDL Beats,,,,146161,198.59,Audianer007,Audianer007,,,,160076,195.58,Ferrariclub9,Ferrariclub9,,,,146286,197.35,2361.555,12,145
12,LMP eSports Team Croissants,,1981 Ford #2 Capri Turbo,,GT,826,3:23.806,203806,2,10,2355.96,LMP Fazer,LMP Fazer,,,,161613,196.17,LMP Elemens,LMP Elemens,,,,150099,197.46,LMP Ranger,LMP Ranger,,,,145572,197.85,LMP ItofSan,LMP ItofSan,,,,161451,196.18,LMP Ranger,LMP Ranger,,,,147564,197.58,LMP Ranger,LMP Ranger,,,,154985,197.34,LMP Elemens,LMP Elemens,,,,154273,195.75,LMP Elemens,LMP Elemens,,,,161372,195.92,Every Dex,Every Dex,,,,164938,194.60,LMP Fazer,LMP Fazer,,,,159934,195.98,Every Dex,Every Dex,,,,163107,195.00,LMP Fazer,LMP Fazer,,,,152695,196.13,2355.956,12,142
13,NDL Black,,1982 Ferrari #72 512 BB/LM,,GT,75,3:21.659,201659,1,6,2346.59,KVATR0,KVATR0,,,,152017,198.82,NDL Touge,NDL Touge,,,,150745,198.45,NDL Touge,NDL Touge,,,,151978,199.02,NDL Unfolded,NDL Unfolded,,,,145650,200.08,NDL Touge,NDL Touge,,,,157253,198.79,NDL Wara,NDL Wara,,,,154026,198.19,NDL Unfolded,NDL Unfolded,,,,144195,199.19,NDL Wara,NDL Wara,,,,148294,198.64,NDL Wara,NDL Wara,,,,149025,198.65,KVATR0,KVATR0,,,DNF,,178.80,KVATR0,KVATR0,,,DNF,,178.80,NDL Unfolded,NDL Unfolded,,,,150814,199.15,2346.590,10,139
14,HYR Luxsim24 Racing,,1983 Nissan #23 Silvia Super Silhouette,,GT,30,3:23.290,203290,2,5,2346.36,Spooky21Squid,Spooky21Squid,,,,152112,197.97,KingCameron1607,KingCameron1607,,,,149304,197.61,HYR Drryden,HYR Drryden,,,DNF,,178.07,KingCameron1607,KingCameron1607,,,,150760,198.20,HYR Swin,HYR Swin,,,,146773,197.73,BanzinXz1,BanzinXz1,,,,164339,195.57,HYR Swin,HYR Swin,,,,146686,197.19,HYR Swin,HYR Swin,,,,154616,197.19,BanzinXz1,BanzinXz1,,,,160418,195.45,Spooky21Squid,Spooky21Squid,,,,151355,197.60,BanzinXz1,BanzinXz1,,,,157784,196.01,Spooky21Squid,Spooky21Squid,,,,144135,197.75,2346.356,11,136
15,LMP eSports Team Turian,,1983 Nissan #23 Silvia Super Silhouette,,GT,827,3:24.898,204898,3,10,2343.58,Leecherd,Leecherd,,,,150078,195.24,LMP Porsche,LMP Porsche,,,,153977,194.96,LMP Dragon,LMP Dragon,,,,157474,195.28,KartRacer212429,KartRacer212429,,,,155093,195.57,LMP Porsche,LMP Porsche,,,,151337,196.29,KartRacer212429,KartRacer212429,,,,148910,194.95,Ahmad Galal4418,Ahmad Galal4418,,,,163941,193.04,LMP Dragon,LMP Dragon,,,,153483,194.86,Ahmad Galal4418,Ahmad Galal4418,,,,142779,196.38,Leecherd,Leecherd,,,,145915,195.51,LMP Porsche,LMP Porsche,,,,152858,195.30,Ahmad Galal4418,Ahmad Galal4418,,,,143200,196.21,2343.581,12,133
16,HYR Roy Millward Motorsport,,1983 Nissan #23 Silvia Super Silhouette,,GT,31,3:23.997,203997,3,2,2342.79,I AM Mamba5145,I AM Mamba5145,,,,150121,195.23,I AM Mamba5145,I AM Mamba5145,,,,141194,197.38,XI Rydog IX,XI Rydog IX,,,,159076,194.97,HYR Maul,HYR Maul,,,,144047,197.66,HYR Riddle U,HYR Riddle U,,,,156839,195.24,HYR Riddle U,HYR Riddle U,,,,143732,195.93,HYR Maul,HYR Maul,,,,148899,195.89,HYR Riddle U,HYR Riddle U,,,,150631,195.40,XI Rydog IX,XI Rydog IX,,,,161255,192.88,I AM Mamba5145,I AM Mamba5145,,,,146795,195.34,HYR Bookey,HYR Bookey,,,,177664,190.60,I AM Mamba5145,I AM Mamba5145,,,,142957,196.26,2342.792,12,130
17,HYR eSports,,1983 Nissan #23 Silvia Super Silhouette,,GT,29,3:22.198,202198,1,10,2336.82,HYRStokeyjoe,HYRStokeyjoe,,,,155635,198.14,HYR Skyline,HYR Skyline,,,,151594,198.29,HYR Fre1tas,HYR Fre1tas,,,,156380,198.19,Cali Autumn,Cali Autumn,,,DNF,,178.40,Cali Autumn,Cali Autumn,,,,160700,198.14,HYR Fre1tas,HYR Fre1tas,,,DNF,,178.06,Cali Autumn,Cali Autumn,,,,150814,197.94,HYRStokeyjoe,HYRStokeyjoe,,,,151436,198.04,HYRStokeyjoe,HYRStokeyjoe,,,,152155,198.06,HYR Fre1tas,HYR Fre1tas,,,,162794,197.16,HYR Skyline,HYR Skyline,,,,155536,198.02,HYRStokeyjoe,HYRStokeyjoe,,,,154916,198.37,2336.818,10,127
18,NWR GT,,1979 Datsun #33 280ZX Turbo,,GT,155,3:23.564,203564,2,8,2331.37,NWR Zula,NWR Zula,,,,157652,196.92,NWR Zula,NWR Zula,,,,153030,196.90,NWR Arkinha,NWR Arkinha,,,,154302,196.20,NWR Arkinha,NWR Arkinha,,,,151345,198.09,NWR Onioin,NWR Onioin,,,,154299,196.31,NWR Stevie,NWR Stevie,,,,192304,190.27,NWR Onioin,NWR Onioin,,,,154494,195.71,NWR onioin,NWR onioin,,,,163360,195.54,NWR Customs,NWR Customs,,,,155654,196.35,NWR Customs,NWR Customs,,,DNF,,175.41,NWR Arkinha,NWR Arkinha,,,,154655,196.60,NWR Zula,NWR Zula,,,,147768,197.07,2331.369,11,124
19,DMS eSports Ford,,1982 Ford #6 Mustang IMSA GT,,GT,49,3:25.167,205167,4,1,2331.09,DMSdan48,DMSdan48,,,,146052,195.21,DMS Chris17,DMS Chris17,,,,151655,194.18,DMSjake83,DMSjake83,,,,149921,195.52,DMS Hunter21,DMS Hunter21,,,,152719,194.60,DMS Chris17,DMS Chris17,,,,156892,194.48,DMSdan48,DMSdan48,,,,151786,195.01,DMS Chris17,DMS Chris17,,,,145812,193.91,DMSjake83,DMSjake83,,,,149651,195.03,DMS Hunter21,DMS Hunter21,,,,156164,193.58,DMSdan48,DMSdan48,,,,153139,194.44,DMSjake83,DMSjake83,,,,154329,193.54,DMS Hunter21,DMS Hunter21,,,,171571,191.59,2331.086,12,121
20,Zephyrus Red,,1982 Ferrari #72 512 BB/LM,,GT,14,3:23.727,203727,2,9,2326.30,T10 Tio Forza,T10 Tio Forza,,,,165360,195.46,ZR SHERM4N,ZR SHERM4N,,,,162090,195.19,ZR SHERM4N,ZR SHERM4N,,,,159525,195.21,ZR Taffy,ZR Taffy,,,DNF,,175.33,ZR Taffy,ZR Taffy,,,,176784,192.05,ZR SHERM4N,ZR SHERM4N,,,,164326,195.57,ZR Valac,ZR Valac,,,,153602,195.88,ZR Valac,ZR Valac,,,,158517,196.46,T10 Tio Forza,T10 Tio Forza,,,,158351,195.84,ZR Derluki,ZR Derluki,,,,157973,196.35,ZR Derluki,ZR Derluki,,,,153515,196.82,T10 Tio Forza,T10 Tio Forza,,,,152623,196.15,2326.296,11,118
21,Japspeed Racing GT,,1984 Nissan #20 Bluebird Super Silhouette,,GT,60,3:21.660,201660,1,7,2322.58,JSR Craviator,JSR Craviator,,,DNF,,179.48,JSR Craviator,JSR Craviator,,,,143808,199.76,HYR Panducat,HYR Panducat,,,,148287,199.72,JSR Light,JSR Light,,,,152950,198.70,JSR Blackend,JSR Blackend,,,DNF,,179.48,JSR Light,JSR Light,,,DNF,,178.14,JSR Chronic,JSR Chronic,,,,160269,196.15,JSR Craviator,JSR Craviator,,,,145339,199.20,JSR Blackend,JSR Blackend,,,,154057,197.70,HYR Panducat,HYR Panducat,,,,156660,198.33,HYR Panducat,HYR Panducat,,,,153970,198.32,JSR Craviator,JSR Craviator,,,,148941,199.51,2322.584,9,116
22,Raven Racing II,,1981 Ford #2 Capri Turbo,,GT,113,3:27.897,207897,4,10,2321.43,Akilyou432,Akilyou432,,,,164767,191.66,Bloodracer12,Bloodracer12,,,,194531,186.06,Bloodracer12,Bloodracer12,,,,147204,196.03,RVN Barricade,RVN Barricade,,,,150987,194.93,RVN Barricade,RVN Barricade,,,,154826,194.88,Akilyou432,Akilyou432,,,,156277,194.16,raygun vs zombi,raygun vs zombi,,,,142922,194.45,raygun vs zombi,raygun vs zombi,,,,152606,194.47,Akilyou432,Akilyou432,,,,153795,194.03,RVN Barricade,RVN Barricade,,,,150375,194.96,RVN Barricade,RVN Barricade,,,,145549,195.21,Akilyou432,Akilyou432,,,,161826,193.44,2321.431,12,114
23,Porsche Team PaINske,,1974 Porsche #1 911 RSR,,GT,90,3:24.071,204071,3,4,2313.94,zrolizac,zrolizac,,,,165746,192.27,zrolizac,zrolizac,,,,165291,192.81,MOMOnica 97,MOMOnica 97,,,,151542,196.40,PHOENlX 8,PHOENlX 8,,,,166308,193.45,PHOENlX 8,PHOENlX 8,,,,161033,194.45,MOMOnica 97,MOMOnica 97,,,DNF,,175.25,Dr CHAIR PHD,Dr CHAIR PHD,,,,147778,196.11,Dr CHAIR PHD,Dr CHAIR PHD,,,,144487,196.56,Snow3883,Snow3883,,,,151961,194.64,Snow3883,Snow3883,,,,165140,191.87,PHOENlX 8,PHOENlX 8,,,,157374,194.44,MOMOnica 97,MOMOnica 97,,,,146003,195.68,2313.939,11,112
24,Evolve Racing,,1981 Ford #2 Capri Turbo,,GT,723,3:25.843,205843,4,3,2308.65,EVR Dunkey,EVR Dunkey,,,,154657,193.58,EVR Prisma,EVR Prisma,,,,180713,188.68,EVR Cactus,EVR Cactus,,,,162246,193.18,EVR Prisma,EVR Prisma,,,,193131,186.94,EVR Dunkey,EVR Dunkey,,,,157634,194.34,EVR Rewar,EVR Rewar,,,,152226,194.93,EVR Tropical,EVR Tropical,,,,145880,193.89,EVR Rewar,EVR Rewar,,,,154115,194.19,EVR Tropical,EVR Tropical,,,,153820,194.02,EVR Cactus,EVR Cactus,,,,165540,192.09,EVR Dunkey,EVR Dunkey,,,,165650,191.40,EVR Prisma,EVR Prisma,,,,172520,191.41,2308.654,12,110
25,1HOR,,1983 Nissan #23 Silvia Super Silhouette,,GT,160,3:26.298,206298,4,5,2302.36,Kuroshine,Kuroshine,,,,179941,188.79,FraughtMeteor8,FraughtMeteor8,,,,148516,194.78,FraughtMeteor8,FraughtMeteor8,,,,149712,195.56,shad0wzgamer,shad0wzgamer,,,,174409,190.49,shad0wzgamer,shad0wzgamer,,,,176172,190.83,Jabingus,Jabingus,,,,154478,194.50,Kuroshine,Kuroshine,,,,196977,184.22,Aspect114915,Aspect114915,,,,152422,194.51,Jabingus,Jabingus,,,,152886,194.20,Aspect114915,Aspect114915,,,,150315,194.97,Kuroshine,Kuroshine,,,,188530,187.07,FraughtMeteor8,FraughtMeteor8,,,,165499,192.74,2302.361,12,108
26,Team Sakura Retrocrushes 1.5,,1983 Nissan #23 Silvia Super Silhouette,,GT,25,3:25.233,205233,4,2,2291.52,ll MrKhepri,ll MrKhepri,,,,146864,195.05,ll MrKhepri,ll MrKhepri,,,,147167,195.03,Ax4x Histarium,Ax4x Histarium,,,,190674,187.80,ll MrKhepri,ll MrKhepri,,,,144467,196.16,FreshCubanBread,FreshCubanBread,,,,153509,195.13,Ax4x Histarium,Ax4x Histarium,,,,205122,184.91,FreshCubanBread,FreshCubanBread,,,,141829,194.66,FreshCubanBread,FreshCubanBread,,,,151712,194.64,Ax4x Histarium,Ax4x Histarium,,,,193939,186.43,Ax4x Mikun,Ax4x Mikun,,,,151335,194.78,FreshCubanBread,FreshCubanBread,,,,149927,194.38,Ax4x Mikun,Ax4x Mikun,,,DNF,,174.45,2291.516,11,106
27,Skill Issue Crew,,1982 Ferrari #72 512 BB/LM,,GT,83,3:24.772,204772,3,9,2269.66,AFz Maverick,AFz Maverick,,,,160414,193.28,NCRottweilas,NCRottweilas,,,,165697,192.74,NCRottweilas,NCRottweilas,,,,163407,194.15,GodzillaCR19,GodzillaCR19,,,,156630,195.28,ACR CHOLIN,ACR CHOLIN,,,,151093,196.33,GodzillaCR19,GodzillaCR19,,,DNF,,174.52,ACR CHOLIN,ACR CHOLIN,,,DNF,,174.52,ACR CHOLIN,ACR CHOLIN,,,,147435,196.00,AFz Maverick,AFz Maverick,,,,149215,195.16,TIICTaco,TIICTaco,,,DNF,,174.52,TIICTaco,TIICTaco,,,,177769,190.58,AFz Maverick,AFz Maverick,,,,152466,194.46,2269.664,9,104
28,APEX Driving School - AM,,1982 Ferrari #72 512 BB/LM,,GT,54,3:27.110,207110,4,7,2263.60,APEXDRAGON5,APEXDRAGON5,,,,167620,191.12,APEX FORTUNE 19,APEX FORTUNE 19,,,,165428,191.57,CrisHokage20,CrisHokage20,,,,171494,191.43,APEXDRAGON5,APEXDRAGON5,,,,165004,192.27,APEX FIAT,APEX FIAT,,,DNF,,172.50,APEX FORTUNE 19,APEX FORTUNE 19,,,,168845,191.78,APEXDRAGON5,APEXDRAGON5,,,DNF,,172.80,CrisHokage20,CrisHokage20,,,,173006,190.61,APEX FORTUNE 19,APEX FORTUNE 19,,,,166330,191.65,APEX FIAT,APEX FIAT,,,,153083,194.45,CrisHokage20,CrisHokage20,,,,165085,191.51,APEX FORTUNE 19,APEX FORTUNE 19,,,,169880,191.91,2263.597,10,102
29,TNR eSports - Team Aces,,1983 Nissan #23 Silvia Super Silhouette,,GT,7,3:22.388,202388,2,2,2157.37,TNR Horizon,TNR Horizon,,,DNF,,178.76,GPR Bryker,GPR Bryker,,,,143337,198.74,TNR Horizon,TNR Horizon,,,,141894,198.55,TNR zacxx,TNR zacxx,,,,145743,199.15,TNRVerCallum,TNRVerCallum,,,,145155,198.04,TNR zacxx,TNR zacxx,,,,147108,198.83,TNR Horizon,TNR Horizon,,,,142896,197.90,GPR Bryker,GPR Bryker,,,,149376,198.19,TNR zacxx,TNR zacxx,,,,144096,198.54,TNRVerCallum,TNRVerCallum,,,,179975,192.18,GPR Bryker,GPR Bryker,,,,144720,198.49,TNRVerCallum,TNRVerCallum,,,DNS,,0.00,2157.371,10,100
30,DNFX skill issued,,1975 BMW #25 3.0 CSL,,GT,99,3:24.343,204343,3,6,2154.91,Hillfigg3r,Hillfigg3r,,,,142630,196.65,JohNixe,JohNixe,,,,151215,195.48,NukeX1617,NukeX1617,,,,158636,195.06,JBlack240,JBlack240,,,,150271,196.48,NukeX1617,NukeX1617,,,,148094,196.90,JBlack240,JBlack240,,,,145003,195.69,NukeX1617,NukeX1617,,,,145793,196.48,MetalBomb269,MetalBomb269,,,,151845,195.17,JohNixe,JohNixe,,,,148680,195.26,Hillfigg3r,Hillfigg3r,,,,141901,196.27,MetalBomb269,MetalBomb269,,,DNS,,0.00,Hillfigg3r,Hillfigg3r,,,,142111,196.42,2154.913,11,98
31,OSM Racing Black,,1975 BMW #25 3.0 CSL,,GT,555,3:23.108,203108,2,3,2153.52,OSM ThomasY,OSM ThomasY,,,,150144,198.34,neng0325,neng0325,,,,148822,197.70,OSM Bob6y,OSM Bob6y,,,,144137,198.12,OSM Bob6y,OSM Bob6y,,,,147633,198.80,OSM Aerith,OSM Aerith,,,,145329,198.01,OSM Aerith,OSM Aerith,,,DNF,,177.26,OSM ThomasY,OSM ThomasY,,,,143036,197.88,OSM ThomasY,OSM ThomasY,,,,164504,195.32,OSM GregXu,OSM GregXu,,,,153357,196.79,OSM Bob6y,OSM Bob6y,,,,153167,197.26,neng0325,neng0325,,,,149919,197.50,OSM GregXu,OSM GregXu,,,,143859,197.81,2153.518,11,96
32,eMotorsport Racing Team,,1976 Chevrolet #76 Greenwood Corvette,,GT,420,3:24.176,204176,3,5,2133.10,eMC Motoman,eMC Motoman,,,,153635,194.56,eMC Vision,eMC Vision,,,,151541,195.42,eMC Bravo,eMC Bravo,,,,144221,197.79,eMC Rags,eMC Rags,,,,149465,196.64,eMC Zoombat,eMC Zoombat,,,,159344,194.77,eMC Bravo,eMC Bravo,,,,135155,197.55,eMC Vision,eMC Vision,,,,152777,195.16,eMC Rags,eMC Rags,,,DNF,,175.75,eMC Zoombat,eMC Zoombat,,,,152719,194.50,eMC Vision,eMC Vision,,,,148974,194.93,eMC Motoman,eMC Motoman,,,,158428,194.24,eMC Bravo,eMC Bravo,,,,140548,196.71,2133.095,11,94
33,PTG Ninjersey,,1975 BMW #25 3.0 CSL,,GT,458,3:23.850,203850,3,1,2113.42,PTG Ducky,PTG Ducky,,,DNF,,176.31,PTG Ducky,PTG Ducky,,,,139559,197.69,PGR Lucas,PGR Lucas,,,DNF,,176.31,PTG Brains,PTG Brains,,,,154233,195.73,PTG Brains,PTG Brains,,,,159240,194.79,PTG Brains,PTG Brains,,,,160356,192.78,PTG ROB0611,PTG ROB0611,,,,155942,194.56,PTG ROB0611,PTG ROB0611,,,,152857,194.98,PTG ROB0611,PTG ROB0611,,,,150328,194.95,PGR Lucas,PGR Lucas,,,,133097,197.94,PGR Lucas,PGR Lucas,,,,139874,197.76,PTG Ducky,PTG Ducky,,,,147653,195.37,2113.421,10,93
34,Phoenix Motorsport Osiris,,1975 BMW #25 3.0 CSL,,GT,43,3:27.587,207587,4,8,2093.83,SM S133PY,SM S133PY,,,,165941,191.44,SM S133PY,SM S133PY,,,,160684,192.47,JiqSaw Bunqie,JiqSaw Bunqie,,,,206289,184.84,JiqSaw Bunqie,JiqSaw Bunqie,,,,184851,188.51,Rocket881,Rocket881,,,,167380,192.50,Jiqsaw Bunqie,Jiqsaw Bunqie,,,,169074,191.74,SM S133PY,SM S133PY,,,,157338,191.72,Jiqsaw Bunqie,Jiqsaw Bunqie,,,,180409,189.21,Rocket881,Rocket881,,,,160849,192.69,Rocket881,Rocket881,,,,181797,189.01,SM S133PY,SM S133PY,,,,164607,191.60,Rocket881,Rocket881,,,DNS,,0.00,2093.832,11,92
35,CDR Motorsport,,1975 BMW #25 3.0 CSL,,GT,70,3:25.882,205882,4,4,2083.79,Sonic Trogg,Sonic Trogg,,,,157222,193.09,CDR Monster,CDR Monster,,,,190703,186.79,Sonic Trogg,Sonic Trogg,,,,165239,192.61,CDR Woody,CDR Woody,,,,150951,194.93,Sonic Trogg,Sonic Trogg,,,,163903,193.16,DOR NiTeM4Re,DOR NiTeM4Re,,,DNF,,171.34,CDR Monster,CDR Monster,,,,189549,185.62,CDR Woody,CDR Woody,,,,157406,193.56,DOR NiTeM4Re,DOR NiTeM4Re,,,,163971,192.10,CDR Woody,CDR Woody,,,,169378,191.36,CDR Monster,CDR Monster,,,,177161,189.22,DOR NiTeM4Re,DOR NiTeM4Re,,,DNS,,0.00,2083.785,10,91
36,Phoenix Motorsport,,1981 Ford #2 Capri Turbo,,GT,33,3:27.588,207588,4,9,1918.27,Jeeday5415,Jeeday5415,,,,155741,193.37,PXM Turismo,PXM Turismo,,,,175028,189.76,Jeeday5415,Jeeday5415,,,,155975,194.37,Jeeday5415,Jeeday5415,,,,150719,194.98,PXM Turismo,PXM Turismo,,,,154353,194.97,HYRmelanie9,HYRmelanie9,,,,181142,189.45,PXM Turismo,PXM Turismo,,,DNS,,0.00,Jeeday5415,Jeeday5415,,,,160279,193.02,HYRmelanie9,HYRmelanie9,,,,185474,188.03,HYRmelanie9,HYRmelanie9,,,,176308,190.05,HYRmelanie9,HYRmelanie9,,,,171501,190.29,PXM Turismo,PXM Turismo,,,DNS,,0.00,1918.275,10,90
37,Big Schnoz: One Last Dance,,1976 Chevrolet #76 Greenwood Corvette,,GT,156,3:24.537,204537,3,8,1748.98,TNR LarryB,TNR LarryB,,,,140964,196.96,TNR LarryB,TNR LarryB,,,DNF,,177.54,Cytherena,Cytherena,,,,151531,196.40,Cytherena,Cytherena,,,,143705,197.73,TNR LarryB,TNR LarryB,,,,142318,197.99,TNR LarryB,TNR LarryB,,,,135136,197.55,KingOfTwlght,KingOfTwlght,,,,155980,194.55,KingOfTwlght,KingOfTwlght,,,,151181,195.29,KingOfTwlght,KingOfTwlght,,,,150352,194.95,Cytherena,Cytherena,,,DNS,,0.00,TNR LarryB,TNR LarryB,,,DNS,,0.00,Cytherena,Cytherena,,,DNS,,0.00,1748.981,8,89
38,Team LCR,,1981 Ford #2 Capri Turbo,,GT,768,3:23.355,203355,2,7,1368.57,LCR Apex,LCR Apex,,,,162546,195.99,LCR Leopard,LCR Leopard,,,,149679,197.54,LCR Apex,LCR Apex,,,,157456,195.60,Housman212e,Housman212e,,,,152766,197.82,SWR Taikyu,SWR Taikyu,,,,151972,196.75,Housman212e,Housman212e,,,,204605,187.94,SWR Taikyu,SWR Taikyu,,,DNS,,0.00,SWR Taikyu,SWR Taikyu,,,DNS,,0.00,LCR Leopard,LCR Leopard,,,,152638,196.93,LCR Leopard,LCR Leopard,,,DNS,,0.00,SWR Taikyu,SWR Taikyu,,,DNS,,0.00,Housman212e,Housman212e,,,DNS,,0.00,1368.570,7,88
39,DIR GT,,1976 Chevrolet #76 Greenwood Corvette,,GT,138,3:26.451,206451,4,6,1355.48,GGA FlakBus,GGA FlakBus,,,,144683,195.47,GGA FlakBus,GGA FlakBus,,,,146250,195.21,GGA FlakBus,GGA FlakBus,,,,145487,196.36,FTC Dartman,FTC Dartman,,,,169313,191.45,GGA FlakBus,GGA FlakBus,,,,147526,196.26,FTC Dartman,FTC Dartman,,,,185044,188.71,GGA FlakBus,GGA FlakBus,,,,155714,192.03,GGA FlakBus,GGA FlakBus,,,DNS,,0.00,GGA FlakBus,GGA FlakBus,,,DNS,,0.00,GGA FlakBus,GGA FlakBus,,,DNS,,0.00,FTC Dartman,FTC Dartman,,,DNS,,0.00,RSOC WILSON,RSOC WILSON,,,DNS,,0.00,1355.483,7,87
40,UDP Racing - Gold,,1979 Datsun #33 280ZX Turbo,,GT,12,3:32.347,212347,4,1,897.45,TheCalamityF0x,TheCalamityF0x,,,,187206,187.41,Chasesunbox,Chasesunbox,,,DNS,,0.00,TheCalamityF0x,TheCalamityF0x,,,,190431,187.84,Chasesunbox,Chasesunbox,,,,212391,183.30,TheCalamityF0x,TheCalamityF0x,,,,264733,174.06,C0ffee5004,C0ffee5004,,,DNF,,0.00,Chasesunbox,Chasesunbox,,,DNF,,0.00,C0ffee5004,C0ffee5004,,,DNS,,0.00,Chasesunbox,Chasesunbox,,,DNS,,0.00,C0ffee5004,C0ffee5004,,,DNS,,0.00,Chasesunbox,Chasesunbox,,,DNS,,0.00,C0ffee5004,C0ffee5004,,,DNF,,164.84,897.448,4,86
41,The Wolf Pack,,1982 Ferrari #72 512 BB/LM,,GT,976,3:24.008,204008,3,3,0.00,AMS ODD71,AMS ODD71,,,DNS,,0.00,Scorpio2656,Scorpio2656,,,DNS,,0.00,DesertWolf66,DesertWolf66,,,DNS,,0.00,AMS ODD71,AMS ODD71,,,DNS,,0.00,Scorpio2656,Scorpio2656,,,DNS,,0.00,DesertWolf66,DesertWolf66,,,DNS,,0.00,AMS ODD71,AMS ODD71,,,DNS,,0.00,Scorpio2656,Scorpio2656,,,DNS,,0.00,DesertWolf66,DesertWolf66,,,DNS,,0.00,AMS ODD71,AMS ODD71,,,DNS,,0.00,Scorpio2656,Scorpio2656,,,DNS,,0.00,DesertWolf66,DesertWolf66,,,DNS,,0.00,0.000,,